2026-08-06 15:40:40.281 [Test worker] INFO  AnalyzeApplicationTests - Starting AnalyzeApplicationTests using Java 17.0.19 with PID 7876 (started by 20200161 in C:\Users\20200161\Desktop\PreCheck_work\Precheck_project\Precheck_SKSCh1\precheck_collect\analyze)
2026-08-06 15:40:40.284 [Test worker] INFO  AnalyzeApplicationTests - The following 1 profile is active: "test"
2026-08-06 15:40:40.979 [Test worker] INFO  PolicyLoader - 분석 정책 로딩 완료 - count: 213, path: C:\Users\20200161\Desktop\PreCheck_work\Precheck_project\Precheck_SKSCh1\precheck_collect\analyze\analyze_sample\PreCheck_AnalyzePolicy.conf
2026-08-06 15:40:41.360 [Test worker] INFO  AnalyzeApplicationTests - Started AnalyzeApplicationTests in 1.45 seconds (process running for 2.721)
2026-08-06 15:40:41.369 [scheduling-1] INFO  AnalyzeScheduleParser - ==============================================================
2026-08-06 15:40:41.369 [scheduling-1] INFO  AnalyzeScheduleParser - ==============================================================
2026-08-06 15:40:41.370 [scheduling-1] INFO  AnalyzeScheduleParser - 분석 스케줄 파일 파싱 시작 - filePath: C:\Users\20200161\Desktop\PreCheck_work\Precheck_project\Precheck_SKSCh1\precheck_collect\analyze\schedule_sample\PreCheck_AnalyzeLogs_Schedule.conf, absolutePath: C:\Users\20200161\Desktop\PreCheck_work\Precheck_project\Precheck_SKSCh1\precheck_collect\analyze\schedule_sample\PreCheck_AnalyzeLogs_Schedule.conf
2026-08-06 15:40:41.372 [scheduling-1] INFO  AnalyzeScheduleParser - 분석 스케줄 파일 파싱 완료 - absolutePath: C:\Users\20200161\Desktop\PreCheck_work\Precheck_project\Precheck_SKSCh1\precheck_collect\analyze\schedule_sample\PreCheck_AnalyzeLogs_Schedule.conf, 유효 스케줄 건수: 8
2026-08-06 15:40:41.373 [scheduling-1] INFO  AnalyzeScheduleParser -   [1] serverId: dlprem01-테스트개발, sourceFilePath: null, type: 주기, day: *, start: 000501, interval: 1, end: 230501
2026-08-06 15:40:41.373 [scheduling-1] INFO  AnalyzeScheduleParser -   [2] serverId: pamoap01-자동주문, sourceFilePath: null, type: 주기, day: *, start: 000501, interval: 2, end: 230501
2026-08-06 15:40:41.373 [scheduling-1] INFO  AnalyzeScheduleParser -   [3] serverId: pqgetap1-시세포착1, sourceFilePath: null, type: 주기, day: *, start: 000501, interval: 1, end: 230501
2026-08-06 15:40:41.373 [scheduling-1] INFO  AnalyzeScheduleParser -   [4] serverId: pqgetap2-시세포착2, sourceFilePath: null, type: 주기, day: *, start: 000501, interval: 2, end: 230501
2026-08-06 15:40:41.374 [scheduling-1] INFO  AnalyzeScheduleParser -   [5] serverId: pjpsap01-주파수클럽, sourceFilePath: null, type: 주기, day: *, start: 000501, interval: 1, end: 230501
2026-08-06 15:40:41.374 [scheduling-1] INFO  AnalyzeScheduleParser -   [6] serverId: pmaster2-마스터, sourceFilePath: null, type: 주기, day: *, start: 000501, interval: 2, end: 230501
2026-08-06 15:40:41.374 [scheduling-1] INFO  AnalyzeScheduleParser -   [7] serverId: ddfep01-해외시세, sourceFilePath: null, type: 주기, day: *, start: 000501, interval: 1, end: 230501
2026-08-06 15:40:41.375 [scheduling-1] INFO  AnalyzeScheduleParser -   [8] serverId: dcoodb01-주문체결, sourceFilePath: null, type: 주기, day: 1-5, start: 000501, interval: 2, end: 230501
2026-08-06 15:40:41.378 [scheduling-1] INFO  AnalyzeScheduler - [[[주기 분석 실행 결정]]] - serverId: dlprem01-테스트개발, file: null, 간격: 1분, 936번째 실행, day: *, start: 000501, end: 230501
2026-08-06 15:40:41.380 [scheduling-1] INFO  AnalyzeScheduler - [[[주기 분석 실행 결정]]] - serverId: pqgetap1-시세포착1, file: null, 간격: 1분, 936번째 실행, day: *, start: 000501, end: 230501
2026-08-06 15:40:41.380 [scheduling-1] INFO  AnalyzeScheduler - [[[주기 분석 실행 결정]]] - serverId: pjpsap01-주파수클럽, file: null, 간격: 1분, 936번째 실행, day: *, start: 000501, end: 230501
2026-08-06 15:40:41.381 [scheduling-1] INFO  AnalyzeScheduler - [[[주기 분석 실행 결정]]] - serverId: ddfep01-해외시세, file: null, 간격: 1분, 936번째 실행, day: *, start: 000501, end: 230501
2026-08-06 15:40:41.720 [analyze-async-4] INFO  AnalyzeService - 분석 이력 등록 - historyId: 14402, serverId: ddfep01-해외시세, date: 20260806
2026-08-06 15:40:41.721 [analyze-async-2] INFO  AnalyzeService - 분석 이력 등록 - historyId: 14404, serverId: pqgetap1-시세포착1, date: 20260806
2026-08-06 15:40:41.721 [analyze-async-3] INFO  AnalyzeService - 분석 이력 등록 - historyId: 14401, serverId: pjpsap01-주파수클럽, date: 20260806
2026-08-06 15:40:41.721 [analyze-async-1] INFO  AnalyzeService - 분석 이력 등록 - historyId: 14403, serverId: dlprem01-테스트개발, date: 20260806
2026-08-06 15:40:41.838 [analyze-async-2] INFO  AnalyzeRetryService - 분석 완료 - 서버: pqgetap1-시세포착1, 타입: 주기, 대상일: 20260806, 총: 0건, 에러: 0건, 경고: 0건
2026-08-06 15:40:41.838 [analyze-async-3] INFO  AnalyzeRetryService - 분석 완료 - 서버: pjpsap01-주파수클럽, 타입: 주기, 대상일: 20260806, 총: 0건, 에러: 0건, 경고: 0건
2026-08-06 15:40:41.838 [analyze-async-4] INFO  AnalyzeRetryService - 분석 완료 - 서버: ddfep01-해외시세, 타입: 주기, 대상일: 20260806, 총: 0건, 에러: 0건, 경고: 0건
2026-08-06 15:40:41.839 [analyze-async-1] INFO  AnalyzeRetryService - 분석 완료 - 서버: dlprem01-테스트개발, 타입: 주기, 대상일: 20260806, 총: 0건, 에러: 0건, 경고: 0건
2026-08-06 15:40:42.135 [Test worker] INFO  AnalyzeScheduleParser - ==============================================================
2026-08-06 15:40:42.135 [Test worker] INFO  AnalyzeScheduleParser - ==============================================================
2026-08-06 15:40:42.135 [Test worker] INFO  AnalyzeScheduleParser - 분석 스케줄 파일 파싱 시작 - filePath: C:\Users\20200161\AppData\Local\Temp\junit-4099978579641221494\PreCheck_AnalyzeLogs_Schedule.conf, absolutePath: C:\Users\20200161\AppData\Local\Temp\junit-4099978579641221494\PreCheck_AnalyzeLogs_Schedule.conf
2026-08-06 15:40:42.136 [Test worker] WARN  AnalyzeScheduleParser - 분석주기기술 포맷 오류로 무시 - lineNumber: 1, schedule: 주기|*|090001|10
2026-08-06 15:40:42.137 [Test worker] INFO  AnalyzeScheduleParser - 분석 스케줄 파일 파싱 완료 - absolutePath: C:\Users\20200161\AppData\Local\Temp\junit-4099978579641221494\PreCheck_AnalyzeLogs_Schedule.conf, 유효 스케줄 건수: 0
2026-08-06 15:40:42.143 [Test worker] INFO  AnalyzeScheduleParser - ==============================================================
2026-08-06 15:40:42.144 [Test worker] INFO  AnalyzeScheduleParser - ==============================================================
2026-08-06 15:40:42.144 [Test worker] INFO  AnalyzeScheduleParser - 분석 스케줄 파일 파싱 시작 - filePath: C:\Users\20200161\AppData\Local\Temp\junit-5784752310769610770\PreCheck_AnalyzeLogs_Schedule.conf, absolutePath: C:\Users\20200161\AppData\Local\Temp\junit-5784752310769610770\PreCheck_AnalyzeLogs_Schedule.conf
2026-08-06 15:40:42.145 [Test worker] INFO  AnalyzeScheduleParser - 분석 스케줄 파일 파싱 완료 - absolutePath: C:\Users\20200161\AppData\Local\Temp\junit-5784752310769610770\PreCheck_AnalyzeLogs_Schedule.conf, 유효 스케줄 건수: 1
2026-08-06 15:40:42.145 [Test worker] INFO  AnalyzeScheduleParser -   [1] serverId: dlprem01-테스트개발, sourceFilePath: /tmp/check.out, type: 주기, day: *, start: 090001, interval: 10, end: 100001
2026-08-06 15:40:42.147 [Test worker] INFO  AnalyzeScheduleParser - ==============================================================
2026-08-06 15:40:42.147 [Test worker] INFO  AnalyzeScheduleParser - ==============================================================
2026-08-06 15:40:42.147 [Test worker] INFO  AnalyzeScheduleParser - 분석 스케줄 파일 파싱 시작 - filePath: C:\Users\20200161\AppData\Local\Temp\junit-3205845020452705217\PreCheck_AnalyzeLogs_Schedule.conf, absolutePath: C:\Users\20200161\AppData\Local\Temp\junit-3205845020452705217\PreCheck_AnalyzeLogs_Schedule.conf
2026-08-06 15:40:42.148 [Test worker] INFO  AnalyzeScheduleParser - 분석 스케줄 파일 파싱 완료 - absolutePath: C:\Users\20200161\AppData\Local\Temp\junit-3205845020452705217\PreCheck_AnalyzeLogs_Schedule.conf, 유효 스케줄 건수: 1
2026-08-06 15:40:42.148 [Test worker] INFO  AnalyzeScheduleParser -   [1] serverId: dlprem01-테스트개발, sourceFilePath: null, type: 배치, day: 1-5, start: 093001, interval: null, end: null
2026-08-06 15:40:42.206 [Test worker] INFO  UserCountSpikeMockTest - backfill -{:3}분 → HTS:120, MTS:2109, TOTAL:2177
2026-08-06 15:40:42.211 [Test worker] INFO  UserCountSpikeMockTest - backfill -{:3}분 → HTS:119, MTS:2213, TOTAL:2361
2026-08-06 15:40:42.214 [Test worker] INFO  UserCountSpikeMockTest - backfill -{:3}분 → HTS:118, MTS:2034, TOTAL:2122
2026-08-06 15:40:42.217 [Test worker] INFO  UserCountSpikeMockTest - backfill -{:3}분 → HTS:117, MTS:1672, TOTAL:2219
2026-08-06 15:40:42.220 [Test worker] INFO  UserCountSpikeMockTest - backfill -{:3}분 → HTS:116, MTS:1466, TOTAL:2286
2026-08-06 15:40:42.225 [Test worker] INFO  UserCountSpikeMockTest - backfill -{:3}분 → HTS:115, MTS:1326, TOTAL:2529
2026-08-06 15:40:42.227 [Test worker] INFO  UserCountSpikeMockTest - backfill -{:3}분 → HTS:114, MTS:1326, TOTAL:2588
2026-08-06 15:40:42.229 [Test worker] INFO  UserCountSpikeMockTest - backfill -{:3}분 → HTS:113, MTS:1488, TOTAL:2605
2026-08-06 15:40:42.232 [Test worker] INFO  UserCountSpikeMockTest - backfill -{:3}분 → HTS:112, MTS:1566, TOTAL:2514
2026-08-06 15:40:42.234 [Test worker] INFO  UserCountSpikeMockTest - backfill -{:3}분 → HTS:111, MTS:2577, TOTAL:2380
2026-08-06 15:40:42.236 [Test worker] INFO  UserCountSpikeMockTest - backfill -{:3}분 → HTS:110, MTS:2664, TOTAL:2367
2026-08-06 15:40:42.238 [Test worker] INFO  UserCountSpikeMockTest - backfill -{:3}분 → HTS:109, MTS:2757, TOTAL:2501
2026-08-06 15:40:42.240 [Test worker] INFO  UserCountSpikeMockTest - backfill -{:3}분 → HTS:108, MTS:2679, TOTAL:2542
2026-08-06 15:40:42.243 [Test worker] INFO  UserCountSpikeMockTest - backfill -{:3}분 → HTS:107, MTS:2661, TOTAL:2525
2026-08-06 15:40:42.245 [Test worker] INFO  UserCountSpikeMockTest - backfill -{:3}분 → HTS:106, MTS:2613, TOTAL:1328
2026-08-06 15:40:42.248 [Test worker] INFO  UserCountSpikeMockTest - backfill -{:3}분 → HTS:105, MTS:1025, TOTAL:1297
2026-08-06 15:40:42.250 [Test worker] INFO  UserCountSpikeMockTest - backfill -{:3}분 → HTS:104, MTS:1027, TOTAL:1326
2026-08-06 15:40:42.252 [Test worker] INFO  UserCountSpikeMockTest - backfill -{:3}분 → HTS:103, MTS:856, TOTAL:1233
2026-08-06 15:40:42.255 [Test worker] INFO  UserCountSpikeMockTest - backfill -{:3}분 → HTS:102, MTS:918, TOTAL:1118
2026-08-06 15:40:42.257 [Test worker] INFO  UserCountSpikeMockTest - backfill -{:3}분 → HTS:101, MTS:850, TOTAL:1082
2026-08-06 15:40:42.259 [Test worker] INFO  UserCountSpikeMockTest - backfill -{:3}분 → HTS:100, MTS:596, TOTAL:984
2026-08-06 15:40:42.261 [Test worker] INFO  UserCountSpikeMockTest - backfill -{:3}분 → HTS:99, MTS:652, TOTAL:697
2026-08-06 15:40:42.263 [Test worker] INFO  UserCountSpikeMockTest - backfill -{:3}분 → HTS:98, MTS:618, TOTAL:708
2026-08-06 15:40:42.266 [Test worker] INFO  UserCountSpikeMockTest - backfill -{:3}분 → HTS:97, MTS:393, TOTAL:1054
2026-08-06 15:40:42.267 [Test worker] INFO  UserCountSpikeMockTest - backfill -{:3}분 → HTS:96, MTS:497, TOTAL:1033
2026-08-06 15:40:42.269 [Test worker] INFO  UserCountSpikeMockTest - backfill -{:3}분 → HTS:95, MTS:465, TOTAL:814
2026-08-06 15:40:42.272 [Test worker] INFO  UserCountSpikeMockTest - backfill -{:3}분 → HTS:94, MTS:361, TOTAL:1223
2026-08-06 15:40:42.274 [Test worker] INFO  UserCountSpikeMockTest - backfill -{:3}분 → HTS:93, MTS:540, TOTAL:897
2026-08-06 15:40:42.276 [Test worker] INFO  UserCountSpikeMockTest - backfill -{:3}분 → HTS:92, MTS:528, TOTAL:739
2026-08-06 15:40:42.278 [Test worker] INFO  UserCountSpikeMockTest - backfill -{:3}분 → HTS:91, MTS:546, TOTAL:907
2026-08-06 15:40:42.280 [Test worker] INFO  UserCountSpikeMockTest - backfill -{:3}분 → HTS:90, MTS:683, TOTAL:1029
2026-08-06 15:40:42.282 [Test worker] INFO  UserCountSpikeMockTest - backfill -{:3}분 → HTS:89, MTS:0, TOTAL:1024
2026-08-06 15:40:42.284 [Test worker] INFO  UserCountSpikeMockTest - backfill -{:3}분 → HTS:88, MTS:0, TOTAL:1110
2026-08-06 15:40:42.287 [Test worker] INFO  UserCountSpikeMockTest - backfill -{:3}분 → HTS:87, MTS:0, TOTAL:1044
2026-08-06 15:40:42.289 [Test worker] INFO  UserCountSpikeMockTest - backfill -{:3}분 → HTS:86, MTS:0, TOTAL:1213
2026-08-06 15:40:42.291 [Test worker] INFO  UserCountSpikeMockTest - backfill -{:3}분 → HTS:85, MTS:0, TOTAL:1074
2026-08-06 15:40:42.293 [Test worker] INFO  UserCountSpikeMockTest - backfill -{:3}분 → HTS:84, MTS:0, TOTAL:986
2026-08-06 15:40:42.295 [Test worker] INFO  UserCountSpikeMockTest - backfill -{:3}분 → HTS:83, MTS:0, TOTAL:1186
2026-08-06 15:40:42.298 [Test worker] INFO  UserCountSpikeMockTest - backfill -{:3}분 → HTS:82, MTS:0, TOTAL:876
2026-08-06 15:40:42.300 [Test worker] INFO  UserCountSpikeMockTest - backfill -{:3}분 → HTS:81, MTS:0, TOTAL:597
2026-08-06 15:40:42.302 [Test worker] INFO  UserCountSpikeMockTest - backfill -{:3}분 → HTS:80, MTS:0, TOTAL:932
2026-08-06 15:40:42.304 [Test worker] INFO  UserCountSpikeMockTest - backfill -{:3}분 → HTS:79, MTS:846, TOTAL:1064
2026-08-06 15:40:42.307 [Test worker] INFO  UserCountSpikeMockTest - backfill -{:3}분 → HTS:78, MTS:853, TOTAL:855
2026-08-06 15:40:42.309 [Test worker] INFO  UserCountSpikeMockTest - backfill -{:3}분 → HTS:77, MTS:660, TOTAL:856
2026-08-06 15:40:42.310 [Test worker] INFO  UserCountSpikeMockTest - backfill -{:3}분 → HTS:76, MTS:641, TOTAL:847
2026-08-06 15:40:42.312 [Test worker] INFO  UserCountSpikeMockTest - backfill -{:3}분 → HTS:75, MTS:0, TOTAL:860
2026-08-06 15:40:42.313 [Test worker] INFO  UserCountSpikeMockTest - backfill -{:3}분 → HTS:74, MTS:0, TOTAL:678
2026-08-06 15:40:42.314 [Test worker] INFO  UserCountSpikeMockTest - backfill -{:3}분 → HTS:73, MTS:58, TOTAL:359
2026-08-06 15:40:42.316 [Test worker] INFO  UserCountSpikeMockTest - backfill -{:3}분 → HTS:72, MTS:0, TOTAL:1404
2026-08-06 15:40:42.317 [Test worker] INFO  UserCountSpikeMockTest - backfill -{:3}분 → HTS:71, MTS:4, TOTAL:1248
2026-08-06 15:40:42.319 [Test worker] INFO  UserCountSpikeMockTest - backfill -{:3}분 → HTS:70, MTS:236, TOTAL:1257
2026-08-06 15:40:42.320 [Test worker] INFO  UserCountSpikeMockTest - backfill -{:3}분 → HTS:69, MTS:268, TOTAL:1293
2026-08-06 15:40:42.322 [Test worker] INFO  UserCountSpikeMockTest - backfill -{:3}분 → HTS:68, MTS:318, TOTAL:1394
2026-08-06 15:40:42.324 [Test worker] INFO  UserCountSpikeMockTest - backfill -{:3}분 → HTS:67, MTS:113, TOTAL:1703
2026-08-06 15:40:42.326 [Test worker] INFO  UserCountSpikeMockTest - backfill -{:3}분 → HTS:66, MTS:123, TOTAL:1641
2026-08-06 15:40:42.328 [Test worker] INFO  UserCountSpikeMockTest - backfill -{:3}분 → HTS:65, MTS:145, TOTAL:1624
2026-08-06 15:40:42.330 [Test worker] INFO  UserCountSpikeMockTest - backfill -{:3}분 → HTS:64, MTS:80, TOTAL:1544
2026-08-06 15:40:42.332 [Test worker] INFO  UserCountSpikeMockTest - backfill -{:3}분 → HTS:63, MTS:229, TOTAL:1509
2026-08-06 15:40:42.333 [Test worker] INFO  UserCountSpikeMockTest - backfill -{:3}분 → HTS:62, MTS:144, TOTAL:2609
2026-08-06 15:40:42.335 [Test worker] INFO  UserCountSpikeMockTest - backfill -{:3}분 → HTS:61, MTS:232, TOTAL:2928
2026-08-06 15:40:42.337 [Test worker] INFO  UserCountSpikeMockTest - backfill -{:3}분 → HTS:60, MTS:500, TOTAL:3046
2026-08-06 15:40:42.339 [Test worker] INFO  UserCountSpikeMockTest - backfill -{:3}분 → HTS:59, MTS:391, TOTAL:3117
2026-08-06 15:40:42.340 [Test worker] INFO  UserCountSpikeMockTest - backfill -{:3}분 → HTS:58, MTS:235, TOTAL:3163
2026-08-06 15:40:42.342 [Test worker] INFO  UserCountSpikeMockTest - backfill -{:3}분 → HTS:57, MTS:341, TOTAL:2703
2026-08-06 15:40:42.343 [Test worker] INFO  UserCountSpikeMockTest - backfill -{:3}분 → HTS:56, MTS:510, TOTAL:2515
2026-08-06 15:40:42.345 [Test worker] INFO  UserCountSpikeMockTest - backfill -{:3}분 → HTS:55, MTS:651, TOTAL:2659
2026-08-06 15:40:42.346 [Test worker] INFO  UserCountSpikeMockTest - backfill -{:3}분 → HTS:54, MTS:167, TOTAL:2638
2026-08-06 15:40:42.348 [Test worker] INFO  UserCountSpikeMockTest - backfill -{:3}분 → HTS:53, MTS:366, TOTAL:2658
2026-08-06 15:40:42.349 [Test worker] INFO  UserCountSpikeMockTest - backfill -{:3}분 → HTS:52, MTS:276, TOTAL:2666
2026-08-06 15:40:42.351 [Test worker] INFO  UserCountSpikeMockTest - backfill -{:3}분 → HTS:51, MTS:393, TOTAL:2518
2026-08-06 15:40:42.352 [Test worker] INFO  UserCountSpikeMockTest - backfill -{:3}분 → HTS:50, MTS:284, TOTAL:2837
2026-08-06 15:40:42.354 [Test worker] INFO  UserCountSpikeMockTest - backfill -{:3}분 → HTS:49, MTS:0, TOTAL:2684
2026-08-06 15:40:42.355 [Test worker] INFO  UserCountSpikeMockTest - backfill -{:3}분 → HTS:48, MTS:0, TOTAL:2848
2026-08-06 15:40:42.357 [Test worker] INFO  UserCountSpikeMockTest - backfill -{:3}분 → HTS:47, MTS:0, TOTAL:2960
2026-08-06 15:40:42.358 [Test worker] INFO  UserCountSpikeMockTest - backfill -{:3}분 → HTS:46, MTS:0, TOTAL:2593
2026-08-06 15:40:42.360 [Test worker] INFO  UserCountSpikeMockTest - backfill -{:3}분 → HTS:45, MTS:287, TOTAL:2837
2026-08-06 15:40:42.362 [Test worker] INFO  UserCountSpikeMockTest - backfill -{:3}분 → HTS:44, MTS:0, TOTAL:2759
2026-08-06 15:40:42.363 [Test worker] INFO  UserCountSpikeMockTest - backfill -{:3}분 → HTS:43, MTS:138, TOTAL:2728
2026-08-06 15:40:42.365 [Test worker] INFO  UserCountSpikeMockTest - backfill -{:3}분 → HTS:42, MTS:130, TOTAL:2962
2026-08-06 15:40:42.366 [Test worker] INFO  UserCountSpikeMockTest - backfill -{:3}분 → HTS:41, MTS:0, TOTAL:3037
2026-08-06 15:40:42.368 [Test worker] INFO  UserCountSpikeMockTest - backfill -{:3}분 → HTS:40, MTS:3, TOTAL:3137
2026-08-06 15:40:42.370 [Test worker] INFO  UserCountSpikeMockTest - backfill -{:3}분 → HTS:39, MTS:43, TOTAL:3362
2026-08-06 15:40:42.374 [Test worker] INFO  UserCountSpikeMockTest - backfill -{:3}분 → HTS:38, MTS:151, TOTAL:3272
2026-08-06 15:40:42.376 [Test worker] INFO  UserCountSpikeMockTest - backfill -{:3}분 → HTS:37, MTS:0, TOTAL:3319
2026-08-06 15:40:42.378 [Test worker] INFO  UserCountSpikeMockTest - backfill -{:3}분 → HTS:36, MTS:460, TOTAL:3021
2026-08-06 15:40:42.379 [Test worker] INFO  UserCountSpikeMockTest - backfill -{:3}분 → HTS:35, MTS:218, TOTAL:2912
2026-08-06 15:40:42.380 [Test worker] INFO  UserCountSpikeMockTest - backfill -{:3}분 → HTS:34, MTS:131, TOTAL:3009
2026-08-06 15:40:42.382 [Test worker] INFO  UserCountSpikeMockTest - backfill -{:3}분 → HTS:33, MTS:154, TOTAL:2911
2026-08-06 15:40:42.383 [Test worker] INFO  UserCountSpikeMockTest - backfill -{:3}분 → HTS:32, MTS:368, TOTAL:3100
2026-08-06 15:40:42.385 [Test worker] INFO  UserCountSpikeMockTest - backfill -{:3}분 → HTS:31, MTS:469, TOTAL:3173
2026-08-06 15:40:42.387 [Test worker] INFO  UserCountSpikeMockTest - backfill -{:3}분 → HTS:30, MTS:485, TOTAL:3419
2026-08-06 15:40:42.388 [Test worker] INFO  UserCountSpikeMockTest - backfill -{:3}분 → HTS:29, MTS:748, TOTAL:3286
2026-08-06 15:40:42.390 [Test worker] INFO  UserCountSpikeMockTest - backfill -{:3}분 → HTS:28, MTS:660, TOTAL:3407
2026-08-06 15:40:42.391 [Test worker] INFO  UserCountSpikeMockTest - backfill -{:3}분 → HTS:27, MTS:873, TOTAL:3243
2026-08-06 15:40:42.393 [Test worker] INFO  UserCountSpikeMockTest - backfill -{:3}분 → HTS:26, MTS:934, TOTAL:3344
2026-08-06 15:40:42.395 [Test worker] INFO  UserCountSpikeMockTest - backfill -{:3}분 → HTS:25, MTS:695, TOTAL:3134
2026-08-06 15:40:42.396 [Test worker] INFO  UserCountSpikeMockTest - backfill -{:3}분 → HTS:24, MTS:759, TOTAL:3152
2026-08-06 15:40:42.398 [Test worker] INFO  UserCountSpikeMockTest - backfill -{:3}분 → HTS:23, MTS:885, TOTAL:3069
2026-08-06 15:40:42.399 [Test worker] INFO  UserCountSpikeMockTest - backfill -{:3}분 → HTS:22, MTS:1022, TOTAL:3199
2026-08-06 15:40:42.400 [Test worker] INFO  UserCountSpikeMockTest - backfill -{:3}분 → HTS:21, MTS:731, TOTAL:3478
2026-08-06 15:40:42.402 [Test worker] INFO  UserCountSpikeMockTest - backfill -{:3}분 → HTS:20, MTS:973, TOTAL:3398
2026-08-06 15:40:42.403 [Test worker] INFO  UserCountSpikeMockTest - backfill -{:3}분 → HTS:19, MTS:964, TOTAL:3596
2026-08-06 15:40:42.405 [Test worker] INFO  UserCountSpikeMockTest - backfill -{:3}분 → HTS:18, MTS:948, TOTAL:3647
2026-08-06 15:40:42.406 [Test worker] INFO  UserCountSpikeMockTest - backfill -{:3}분 → HTS:17, MTS:0, TOTAL:3534
2026-08-06 15:40:42.408 [Test worker] INFO  UserCountSpikeMockTest - backfill -{:3}분 → HTS:16, MTS:202, TOTAL:3197
2026-08-06 15:40:42.409 [Test worker] INFO  UserCountSpikeMockTest - backfill -{:3}분 → HTS:15, MTS:0, TOTAL:3090
2026-08-06 15:40:42.411 [Test worker] INFO  UserCountSpikeMockTest - backfill -{:3}분 → HTS:14, MTS:0, TOTAL:3336
2026-08-06 15:40:42.412 [Test worker] INFO  UserCountSpikeMockTest - backfill -{:3}분 → HTS:13, MTS:0, TOTAL:3460
2026-08-06 15:40:42.414 [Test worker] INFO  UserCountSpikeMockTest - backfill -{:3}분 → HTS:12, MTS:0, TOTAL:3620
2026-08-06 15:40:42.415 [Test worker] INFO  UserCountSpikeMockTest - backfill -{:3}분 → HTS:11, MTS:0, TOTAL:3839
2026-08-06 15:40:42.417 [Test worker] INFO  UserCountSpikeMockTest - backfill -{:3}분 → HTS:10, MTS:0, TOTAL:4005
2026-08-06 15:40:42.418 [Test worker] INFO  UserCountSpikeMockTest - backfill -{:3}분 → HTS:9, MTS:0, TOTAL:4112
2026-08-06 15:40:42.420 [Test worker] INFO  UserCountSpikeMockTest - backfill -{:3}분 → HTS:8, MTS:1393, TOTAL:4185
2026-08-06 15:40:42.422 [Test worker] INFO  UserCountSpikeMockTest - backfill -{:3}분 → HTS:7, MTS:1366, TOTAL:4107
2026-08-06 15:40:42.423 [Test worker] INFO  UserCountSpikeMockTest - backfill -{:3}분 → HTS:6, MTS:1291, TOTAL:4330
2026-08-06 15:40:42.425 [Test worker] INFO  UserCountSpikeMockTest - backfill -{:3}분 → HTS:5, MTS:1684, TOTAL:3988
2026-08-06 15:40:42.426 [Test worker] INFO  UserCountSpikeMockTest - backfill -{:3}분 → HTS:4, MTS:2080, TOTAL:4066
2026-08-06 15:40:42.428 [Test worker] INFO  UserCountSpikeMockTest - backfill -{:3}분 → HTS:3, MTS:2437, TOTAL:4370
2026-08-06 15:40:42.430 [Test worker] INFO  UserCountSpikeMockTest - backfill -{:3}분 → HTS:2, MTS:2289, TOTAL:4519
2026-08-06 15:40:42.431 [Test worker] INFO  UserCountSpikeMockTest - backfill -{:3}분 → HTS:1, MTS:2438, TOTAL:4625
2026-08-06 15:40:42.432 [Test worker] INFO  UserCountSpikeMockTest - backfill -{:3}분 → HTS:0, MTS:2382, TOTAL:4306
2026-08-06 15:40:42.433 [Test worker] INFO  UserCountSpikeMockTest - backfill 완료 — 363건 삽입
2026-08-06 15:40:42.439 [Test worker] INFO  UserCountSpikeMockTest - [1/60] 2026-08-06T15:40:42.436362500 → HTS:3188, MTS:1423, TOTAL:4611
2026-08-06 15:41:41.383 [scheduling-1] INFO  AnalyzeScheduleParser - ==============================================================
2026-08-06 15:41:41.383 [scheduling-1] INFO  AnalyzeScheduleParser - ==============================================================
2026-08-06 15:41:41.383 [scheduling-1] INFO  AnalyzeScheduleParser - 분석 스케줄 파일 파싱 시작 - filePath: C:\Users\20200161\Desktop\PreCheck_work\Precheck_project\Precheck_SKSCh1\precheck_collect\analyze\schedule_sample\PreCheck_AnalyzeLogs_Schedule.conf, absolutePath: C:\Users\20200161\Desktop\PreCheck_work\Precheck_project\Precheck_SKSCh1\precheck_collect\analyze\schedule_sample\PreCheck_AnalyzeLogs_Schedule.conf
2026-08-06 15:41:41.383 [scheduling-1] INFO  AnalyzeScheduleParser - 분석 스케줄 파일 파싱 완료 - absolutePath: C:\Users\20200161\Desktop\PreCheck_work\Precheck_project\Precheck_SKSCh1\precheck_collect\analyze\schedule_sample\PreCheck_AnalyzeLogs_Schedule.conf, 유효 스케줄 건수: 8
2026-08-06 15:41:41.383 [scheduling-1] INFO  AnalyzeScheduleParser -   [1] serverId: dlprem01-테스트개발, sourceFilePath: null, type: 주기, day: *, start: 000501, interval: 1, end: 230501
2026-08-06 15:41:41.383 [scheduling-1] INFO  AnalyzeScheduleParser -   [2] serverId: pamoap01-자동주문, sourceFilePath: null, type: 주기, day: *, start: 000501, interval: 2, end: 230501
2026-08-06 15:41:41.383 [scheduling-1] INFO  AnalyzeScheduleParser -   [3] serverId: pqgetap1-시세포착1, sourceFilePath: null, type: 주기, day: *, start: 000501, interval: 1, end: 230501
2026-08-06 15:41:41.383 [scheduling-1] INFO  AnalyzeScheduleParser -   [4] serverId: pqgetap2-시세포착2, sourceFilePath: null, type: 주기, day: *, start: 000501, interval: 2, end: 230501
2026-08-06 15:41:41.384 [scheduling-1] INFO  AnalyzeScheduleParser -   [5] serverId: pjpsap01-주파수클럽, sourceFilePath: null, type: 주기, day: *, start: 000501, interval: 1, end: 230501
2026-08-06 15:41:41.384 [scheduling-1] INFO  AnalyzeScheduleParser -   [6] serverId: pmaster2-마스터, sourceFilePath: null, type: 주기, day: *, start: 000501, interval: 2, end: 230501
2026-08-06 15:41:41.384 [scheduling-1] INFO  AnalyzeScheduleParser -   [7] serverId: ddfep01-해외시세, sourceFilePath: null, type: 주기, day: *, start: 000501, interval: 1, end: 230501
2026-08-06 15:41:41.384 [scheduling-1] INFO  AnalyzeScheduleParser -   [8] serverId: dcoodb01-주문체결, sourceFilePath: null, type: 주기, day: 1-5, start: 000501, interval: 2, end: 230501
2026-08-06 15:41:41.384 [scheduling-1] INFO  AnalyzeScheduler - [[[주기 분석 실행 결정]]] - serverId: dlprem01-테스트개발, file: null, 간격: 1분, 937번째 실행, day: *, start: 000501, end: 230501
2026-08-06 15:41:41.384 [scheduling-1] INFO  AnalyzeScheduler - [[[주기 분석 실행 결정]]] - serverId: pamoap01-자동주문, file: null, 간격: 2분, 469번째 실행, day: *, start: 000501, end: 230501
2026-08-06 15:41:41.384 [scheduling-1] INFO  AnalyzeScheduler - [[[주기 분석 실행 결정]]] - serverId: pqgetap1-시세포착1, file: null, 간격: 1분, 937번째 실행, day: *, start: 000501, end: 230501
2026-08-06 15:41:41.384 [scheduling-1] INFO  AnalyzeScheduler - [[[주기 분석 실행 결정]]] - serverId: pqgetap2-시세포착2, file: null, 간격: 2분, 469번째 실행, day: *, start: 000501, end: 230501
2026-08-06 15:41:41.384 [scheduling-1] INFO  AnalyzeScheduler - [[[주기 분석 실행 결정]]] - serverId: pjpsap01-주파수클럽, file: null, 간격: 1분, 937번째 실행, day: *, start: 000501, end: 230501
2026-08-06 15:41:41.384 [scheduling-1] INFO  AnalyzeScheduler - [[[주기 분석 실행 결정]]] - serverId: pmaster2-마스터, file: null, 간격: 2분, 469번째 실행, day: *, start: 000501, end: 230501
2026-08-06 15:41:41.384 [scheduling-1] INFO  AnalyzeScheduler - [[[주기 분석 실행 결정]]] - serverId: ddfep01-해외시세, file: null, 간격: 1분, 937번째 실행, day: *, start: 000501, end: 230501
2026-08-06 15:41:41.384 [scheduling-1] INFO  AnalyzeScheduler - [[[주기 분석 실행 결정]]] - serverId: dcoodb01-주문체결, file: null, 간격: 2분, 469번째 실행, day: 1-5, start: 000501, end: 230501
2026-08-06 15:41:41.388 [analyze-async-3] INFO  AnalyzeService - 분석 이력 등록 - historyId: 14406, serverId: pqgetap1-시세포착1, date: 20260806
2026-08-06 15:41:41.388 [analyze-async-2] INFO  AnalyzeService - 분석 이력 등록 - historyId: 14405, serverId: pamoap01-자동주문, date: 20260806
2026-08-06 15:41:41.388 [analyze-async-1] INFO  AnalyzeService - 분석 이력 등록 - historyId: 14408, serverId: pjpsap01-주파수클럽, date: 20260806
2026-08-06 15:41:41.389 [analyze-async-4] INFO  AnalyzeService - 분석 이력 등록 - historyId: 14409, serverId: pqgetap2-시세포착2, date: 20260806
2026-08-06 15:41:41.389 [analyze-async-5] INFO  AnalyzeService - 분석 이력 등록 - historyId: 14407, serverId: dlprem01-테스트개발, date: 20260806
2026-08-06 15:41:41.390 [analyze-async-2] INFO  AnalyzeRetryService - 분석 완료 - 서버: pamoap01-자동주문, 타입: 주기, 대상일: 20260806, 총: 0건, 에러: 0건, 경고: 0건
2026-08-06 15:41:41.391 [analyze-async-2] INFO  AnalyzeService - 분석 이력 등록 - historyId: 14410, serverId: pmaster2-마스터, date: 20260806
2026-08-06 15:41:41.393 [analyze-async-3] INFO  AnalyzeRetryService - 분석 완료 - 서버: pqgetap1-시세포착1, 타입: 주기, 대상일: 20260806, 총: 0건, 에러: 0건, 경고: 0건
2026-08-06 15:41:41.393 [analyze-async-5] INFO  AnalyzeRetryService - 분석 완료 - 서버: dlprem01-테스트개발, 타입: 주기, 대상일: 20260806, 총: 0건, 에러: 0건, 경고: 0건
2026-08-06 15:41:41.393 [analyze-async-2] INFO  AnalyzeRetryService - 분석 완료 - 서버: pmaster2-마스터, 타입: 주기, 대상일: 20260806, 총: 0건, 에러: 0건, 경고: 0건
2026-08-06 15:41:41.393 [analyze-async-3] INFO  AnalyzeService - 분석 이력 등록 - historyId: 14411, serverId: ddfep01-해외시세, date: 20260806
2026-08-06 15:41:41.394 [analyze-async-5] INFO  AnalyzeService - 분석 이력 등록 - historyId: 14412, serverId: dcoodb01-주문체결, date: 20260806
2026-08-06 15:41:41.395 [analyze-async-4] INFO  AnalyzeRetryService - 분석 완료 - 서버: pqgetap2-시세포착2, 타입: 주기, 대상일: 20260806, 총: 0건, 에러: 0건, 경고: 0건
2026-08-06 15:41:41.396 [analyze-async-1] INFO  AnalyzeRetryService - 분석 완료 - 서버: pjpsap01-주파수클럽, 타입: 주기, 대상일: 20260806, 총: 0건, 에러: 0건, 경고: 0건
2026-08-06 15:41:41.396 [analyze-async-3] INFO  AnalyzeRetryService - 분석 완료 - 서버: ddfep01-해외시세, 타입: 주기, 대상일: 20260806, 총: 0건, 에러: 0건, 경고: 0건
2026-08-06 15:41:41.396 [analyze-async-5] INFO  AnalyzeRetryService - 분석 완료 - 서버: dcoodb01-주문체결, 타입: 주기, 대상일: 20260806, 총: 0건, 에러: 0건, 경고: 0건
2026-08-06 15:41:42.442 [Test worker] INFO  UserCountSpikeMockTest - [2/60] 2026-08-06T15:41:42.441858600 → HTS:3421, MTS:1192, TOTAL:4613
2026-08-06 15:42:41.388 [scheduling-1] INFO  AnalyzeScheduleParser - ==============================================================
2026-08-06 15:42:41.388 [scheduling-1] INFO  AnalyzeScheduleParser - ==============================================================
2026-08-06 15:42:41.388 [scheduling-1] INFO  AnalyzeScheduleParser - 분석 스케줄 파일 파싱 시작 - filePath: C:\Users\20200161\Desktop\PreCheck_work\Precheck_project\Precheck_SKSCh1\precheck_collect\analyze\schedule_sample\PreCheck_AnalyzeLogs_Schedule.conf, absolutePath: C:\Users\20200161\Desktop\PreCheck_work\Precheck_project\Precheck_SKSCh1\precheck_collect\analyze\schedule_sample\PreCheck_AnalyzeLogs_Schedule.conf
2026-08-06 15:42:41.388 [scheduling-1] INFO  AnalyzeScheduleParser - 분석 스케줄 파일 파싱 완료 - absolutePath: C:\Users\20200161\Desktop\PreCheck_work\Precheck_project\Precheck_SKSCh1\precheck_collect\analyze\schedule_sample\PreCheck_AnalyzeLogs_Schedule.conf, 유효 스케줄 건수: 8
2026-08-06 15:42:41.389 [scheduling-1] INFO  AnalyzeScheduleParser -   [1] serverId: dlprem01-테스트개발, sourceFilePath: null, type: 주기, day: *, start: 000501, interval: 1, end: 230501
2026-08-06 15:42:41.389 [scheduling-1] INFO  AnalyzeScheduleParser -   [2] serverId: pamoap01-자동주문, sourceFilePath: null, type: 주기, day: *, start: 000501, interval: 2, end: 230501
2026-08-06 15:42:41.389 [scheduling-1] INFO  AnalyzeScheduleParser -   [3] serverId: pqgetap1-시세포착1, sourceFilePath: null, type: 주기, day: *, start: 000501, interval: 1, end: 230501
2026-08-06 15:42:41.389 [scheduling-1] INFO  AnalyzeScheduleParser -   [4] serverId: pqgetap2-시세포착2, sourceFilePath: null, type: 주기, day: *, start: 000501, interval: 2, end: 230501
2026-08-06 15:42:41.389 [scheduling-1] INFO  AnalyzeScheduleParser -   [5] serverId: pjpsap01-주파수클럽, sourceFilePath: null, type: 주기, day: *, start: 000501, interval: 1, end: 230501
2026-08-06 15:42:41.389 [scheduling-1] INFO  AnalyzeScheduleParser -   [6] serverId: pmaster2-마스터, sourceFilePath: null, type: 주기, day: *, start: 000501, interval: 2, end: 230501
2026-08-06 15:42:41.389 [scheduling-1] INFO  AnalyzeScheduleParser -   [7] serverId: ddfep01-해외시세, sourceFilePath: null, type: 주기, day: *, start: 000501, interval: 1, end: 230501
2026-08-06 15:42:41.389 [scheduling-1] INFO  AnalyzeScheduleParser -   [8] serverId: dcoodb01-주문체결, sourceFilePath: null, type: 주기, day: 1-5, start: 000501, interval: 2, end: 230501
2026-08-06 15:42:41.389 [scheduling-1] INFO  AnalyzeScheduler - [[[주기 분석 실행 결정]]] - serverId: dlprem01-테스트개발, file: null, 간격: 1분, 938번째 실행, day: *, start: 000501, end: 230501
2026-08-06 15:42:41.389 [scheduling-1] INFO  AnalyzeScheduler - [[[주기 분석 실행 결정]]] - serverId: pqgetap1-시세포착1, file: null, 간격: 1분, 938번째 실행, day: *, start: 000501, end: 230501
2026-08-06 15:42:41.389 [scheduling-1] INFO  AnalyzeScheduler - [[[주기 분석 실행 결정]]] - serverId: pjpsap01-주파수클럽, file: null, 간격: 1분, 938번째 실행, day: *, start: 000501, end: 230501
2026-08-06 15:42:41.389 [scheduling-1] INFO  AnalyzeScheduler - [[[주기 분석 실행 결정]]] - serverId: ddfep01-해외시세, file: null, 간격: 1분, 938번째 실행, day: *, start: 000501, end: 230501
2026-08-06 15:42:41.392 [analyze-async-1] INFO  AnalyzeService - 분석 이력 등록 - historyId: 14414, serverId: pjpsap01-주파수클럽, date: 20260806
2026-08-06 15:42:41.392 [analyze-async-3] INFO  AnalyzeService - 분석 이력 등록 - historyId: 14416, serverId: ddfep01-해외시세, date: 20260806
2026-08-06 15:42:41.392 [analyze-async-4] INFO  AnalyzeService - 분석 이력 등록 - historyId: 14415, serverId: pqgetap1-시세포착1, date: 20260806
2026-08-06 15:42:41.393 [analyze-async-2] INFO  AnalyzeService - 분석 이력 등록 - historyId: 14413, serverId: dlprem01-테스트개발, date: 20260806
2026-08-06 15:42:41.394 [analyze-async-1] INFO  AnalyzeRetryService - 분석 완료 - 서버: pjpsap01-주파수클럽, 타입: 주기, 대상일: 20260806, 총: 0건, 에러: 0건, 경고: 0건
2026-08-06 15:42:41.394 [analyze-async-3] INFO  AnalyzeRetryService - 분석 완료 - 서버: ddfep01-해외시세, 타입: 주기, 대상일: 20260806, 총: 0건, 에러: 0건, 경고: 0건
2026-08-06 15:42:41.394 [analyze-async-4] INFO  AnalyzeRetryService - 분석 완료 - 서버: pqgetap1-시세포착1, 타입: 주기, 대상일: 20260806, 총: 0건, 에러: 0건, 경고: 0건
2026-08-06 15:42:41.395 [analyze-async-2] INFO  AnalyzeRetryService - 분석 완료 - 서버: dlprem01-테스트개발, 타입: 주기, 대상일: 20260806, 총: 0건, 에러: 0건, 경고: 0건
2026-08-06 15:42:42.451 [Test worker] INFO  UserCountSpikeMockTest - [3/60] 2026-08-06T15:42:42.448421700 → HTS:3372, MTS:949, TOTAL:4321
2026-08-06 15:43:41.394 [scheduling-1] INFO  AnalyzeScheduleParser - ==============================================================
2026-08-06 15:43:41.394 [scheduling-1] INFO  AnalyzeScheduleParser - ==============================================================
2026-08-06 15:43:41.394 [scheduling-1] INFO  AnalyzeScheduleParser - 분석 스케줄 파일 파싱 시작 - filePath: C:\Users\20200161\Desktop\PreCheck_work\Precheck_project\Precheck_SKSCh1\precheck_collect\analyze\schedule_sample\PreCheck_AnalyzeLogs_Schedule.conf, absolutePath: C:\Users\20200161\Desktop\PreCheck_work\Precheck_project\Precheck_SKSCh1\precheck_collect\analyze\schedule_sample\PreCheck_AnalyzeLogs_Schedule.conf
2026-08-06 15:43:41.395 [scheduling-1] INFO  AnalyzeScheduleParser - 분석 스케줄 파일 파싱 완료 - absolutePath: C:\Users\20200161\Desktop\PreCheck_work\Precheck_project\Precheck_SKSCh1\precheck_collect\analyze\schedule_sample\PreCheck_AnalyzeLogs_Schedule.conf, 유효 스케줄 건수: 8
2026-08-06 15:43:41.395 [scheduling-1] INFO  AnalyzeScheduleParser -   [1] serverId: dlprem01-테스트개발, sourceFilePath: null, type: 주기, day: *, start: 000501, interval: 1, end: 230501
2026-08-06 15:43:41.395 [scheduling-1] INFO  AnalyzeScheduleParser -   [2] serverId: pamoap01-자동주문, sourceFilePath: null, type: 주기, day: *, start: 000501, interval: 2, end: 230501
2026-08-06 15:43:41.395 [scheduling-1] INFO  AnalyzeScheduleParser -   [3] serverId: pqgetap1-시세포착1, sourceFilePath: null, type: 주기, day: *, start: 000501, interval: 1, end: 230501
2026-08-06 15:43:41.395 [scheduling-1] INFO  AnalyzeScheduleParser -   [4] serverId: pqgetap2-시세포착2, sourceFilePath: null, type: 주기, day: *, start: 000501, interval: 2, end: 230501
2026-08-06 15:43:41.395 [scheduling-1] INFO  AnalyzeScheduleParser -   [5] serverId: pjpsap01-주파수클럽, sourceFilePath: null, type: 주기, day: *, start: 000501, interval: 1, end: 230501
2026-08-06 15:43:41.395 [scheduling-1] INFO  AnalyzeScheduleParser -   [6] serverId: pmaster2-마스터, sourceFilePath: null, type: 주기, day: *, start: 000501, interval: 2, end: 230501
2026-08-06 15:43:41.395 [scheduling-1] INFO  AnalyzeScheduleParser -   [7] serverId: ddfep01-해외시세, sourceFilePath: null, type: 주기, day: *, start: 000501, interval: 1, end: 230501
2026-08-06 15:43:41.395 [scheduling-1] INFO  AnalyzeScheduleParser -   [8] serverId: dcoodb01-주문체결, sourceFilePath: null, type: 주기, day: 1-5, start: 000501, interval: 2, end: 230501
2026-08-06 15:43:41.395 [scheduling-1] INFO  AnalyzeScheduler - [[[주기 분석 실행 결정]]] - serverId: dlprem01-테스트개발, file: null, 간격: 1분, 939번째 실행, day: *, start: 000501, end: 230501
2026-08-06 15:43:41.395 [scheduling-1] INFO  AnalyzeScheduler - [[[주기 분석 실행 결정]]] - serverId: pamoap01-자동주문, file: null, 간격: 2분, 470번째 실행, day: *, start: 000501, end: 230501
2026-08-06 15:43:41.396 [scheduling-1] INFO  AnalyzeScheduler - [[[주기 분석 실행 결정]]] - serverId: pqgetap1-시세포착1, file: null, 간격: 1분, 939번째 실행, day: *, start: 000501, end: 230501
2026-08-06 15:43:41.396 [scheduling-1] INFO  AnalyzeScheduler - [[[주기 분석 실행 결정]]] - serverId: pqgetap2-시세포착2, file: null, 간격: 2분, 470번째 실행, day: *, start: 000501, end: 230501
2026-08-06 15:43:41.396 [scheduling-1] INFO  AnalyzeScheduler - [[[주기 분석 실행 결정]]] - serverId: pjpsap01-주파수클럽, file: null, 간격: 1분, 939번째 실행, day: *, start: 000501, end: 230501
2026-08-06 15:43:41.396 [scheduling-1] INFO  AnalyzeScheduler - [[[주기 분석 실행 결정]]] - serverId: pmaster2-마스터, file: null, 간격: 2분, 470번째 실행, day: *, start: 000501, end: 230501
2026-08-06 15:43:41.396 [scheduling-1] INFO  AnalyzeScheduler - [[[주기 분석 실행 결정]]] - serverId: ddfep01-해외시세, file: null, 간격: 1분, 939번째 실행, day: *, start: 000501, end: 230501
2026-08-06 15:43:41.396 [scheduling-1] INFO  AnalyzeScheduler - [[[주기 분석 실행 결정]]] - serverId: dcoodb01-주문체결, file: null, 간격: 2분, 470번째 실행, day: 1-5, start: 000501, end: 230501
2026-08-06 15:43:41.399 [analyze-async-1] INFO  AnalyzeService - 분석 이력 등록 - historyId: 14417, serverId: pamoap01-자동주문, date: 20260806
2026-08-06 15:43:41.399 [analyze-async-3] INFO  AnalyzeService - 분석 이력 등록 - historyId: 14418, serverId: pqgetap1-시세포착1, date: 20260806
2026-08-06 15:43:41.399 [analyze-async-4] INFO  AnalyzeService - 분석 이력 등록 - historyId: 14421, serverId: pqgetap2-시세포착2, date: 20260806
2026-08-06 15:43:41.399 [analyze-async-5] INFO  AnalyzeService - 분석 이력 등록 - historyId: 14420, serverId: dlprem01-테스트개발, date: 20260806
2026-08-06 15:43:41.399 [analyze-async-2] INFO  AnalyzeService - 분석 이력 등록 - historyId: 14419, serverId: pjpsap01-주파수클럽, date: 20260806
2026-08-06 15:43:41.401 [analyze-async-1] INFO  AnalyzeRetryService - 분석 완료 - 서버: pamoap01-자동주문, 타입: 주기, 대상일: 20260806, 총: 0건, 에러: 0건, 경고: 0건
2026-08-06 15:43:41.401 [analyze-async-4] INFO  AnalyzeRetryService - 분석 완료 - 서버: pqgetap2-시세포착2, 타입: 주기, 대상일: 20260806, 총: 0건, 에러: 0건, 경고: 0건
2026-08-06 15:43:41.402 [analyze-async-3] INFO  AnalyzeRetryService - 분석 완료 - 서버: pqgetap1-시세포착1, 타입: 주기, 대상일: 20260806, 총: 0건, 에러: 0건, 경고: 0건
2026-08-06 15:43:41.402 [analyze-async-2] INFO  AnalyzeRetryService - 분석 완료 - 서버: pjpsap01-주파수클럽, 타입: 주기, 대상일: 20260806, 총: 0건, 에러: 0건, 경고: 0건
2026-08-06 15:43:41.402 [analyze-async-5] INFO  AnalyzeRetryService - 분석 완료 - 서버: dlprem01-테스트개발, 타입: 주기, 대상일: 20260806, 총: 0건, 에러: 0건, 경고: 0건
2026-08-06 15:43:41.403 [analyze-async-1] INFO  AnalyzeService - 분석 이력 등록 - historyId: 14422, serverId: pmaster2-마스터, date: 20260806
2026-08-06 15:43:41.403 [analyze-async-4] INFO  AnalyzeService - 분석 이력 등록 - historyId: 14423, serverId: ddfep01-해외시세, date: 20260806
2026-08-06 15:43:41.403 [analyze-async-3] INFO  AnalyzeService - 분석 이력 등록 - historyId: 14424, serverId: dcoodb01-주문체결, date: 20260806
2026-08-06 15:43:41.404 [analyze-async-1] INFO  AnalyzeRetryService - 분석 완료 - 서버: pmaster2-마스터, 타입: 주기, 대상일: 20260806, 총: 0건, 에러: 0건, 경고: 0건
2026-08-06 15:43:41.405 [analyze-async-3] INFO  AnalyzeRetryService - 분석 완료 - 서버: dcoodb01-주문체결, 타입: 주기, 대상일: 20260806, 총: 0건, 에러: 0건, 경고: 0건
2026-08-06 15:43:41.407 [analyze-async-4] INFO  AnalyzeRetryService - 분석 완료 - 서버: ddfep01-해외시세, 타입: 주기, 대상일: 20260806, 총: 0건, 에러: 0건, 경고: 0건
2026-08-06 15:43:42.461 [Test worker] INFO  UserCountSpikeMockTest - [4/60] 2026-08-06T15:43:42.457922400 → HTS:3470, MTS:1040, TOTAL:4510
2026-08-06 15:44:41.404 [scheduling-1] INFO  AnalyzeScheduleParser - ==============================================================
2026-08-06 15:44:41.404 [scheduling-1] INFO  AnalyzeScheduleParser - ==============================================================
2026-08-06 15:44:41.404 [scheduling-1] INFO  AnalyzeScheduleParser - 분석 스케줄 파일 파싱 시작 - filePath: C:\Users\20200161\Desktop\PreCheck_work\Precheck_project\Precheck_SKSCh1\precheck_collect\analyze\schedule_sample\PreCheck_AnalyzeLogs_Schedule.conf, absolutePath: C:\Users\20200161\Desktop\PreCheck_work\Precheck_project\Precheck_SKSCh1\precheck_collect\analyze\schedule_sample\PreCheck_AnalyzeLogs_Schedule.conf
2026-08-06 15:44:41.404 [scheduling-1] INFO  AnalyzeScheduleParser - 분석 스케줄 파일 파싱 완료 - absolutePath: C:\Users\20200161\Desktop\PreCheck_work\Precheck_project\Precheck_SKSCh1\precheck_collect\analyze\schedule_sample\PreCheck_AnalyzeLogs_Schedule.conf, 유효 스케줄 건수: 8
2026-08-06 15:44:41.404 [scheduling-1] INFO  AnalyzeScheduleParser -   [1] serverId: dlprem01-테스트개발, sourceFilePath: null, type: 주기, day: *, start: 000501, interval: 1, end: 230501
2026-08-06 15:44:41.404 [scheduling-1] INFO  AnalyzeScheduleParser -   [2] serverId: pamoap01-자동주문, sourceFilePath: null, type: 주기, day: *, start: 000501, interval: 2, end: 230501
2026-08-06 15:44:41.404 [scheduling-1] INFO  AnalyzeScheduleParser -   [3] serverId: pqgetap1-시세포착1, sourceFilePath: null, type: 주기, day: *, start: 000501, interval: 1, end: 230501
2026-08-06 15:44:41.404 [scheduling-1] INFO  AnalyzeScheduleParser -   [4] serverId: pqgetap2-시세포착2, sourceFilePath: null, type: 주기, day: *, start: 000501, interval: 2, end: 230501
2026-08-06 15:44:41.404 [scheduling-1] INFO  AnalyzeScheduleParser -   [5] serverId: pjpsap01-주파수클럽, sourceFilePath: null, type: 주기, day: *, start: 000501, interval: 1, end: 230501
2026-08-06 15:44:41.404 [scheduling-1] INFO  AnalyzeScheduleParser -   [6] serverId: pmaster2-마스터, sourceFilePath: null, type: 주기, day: *, start: 000501, interval: 2, end: 230501
2026-08-06 15:44:41.404 [scheduling-1] INFO  AnalyzeScheduleParser -   [7] serverId: ddfep01-해외시세, sourceFilePath: null, type: 주기, day: *, start: 000501, interval: 1, end: 230501
2026-08-06 15:44:41.404 [scheduling-1] INFO  AnalyzeScheduleParser -   [8] serverId: dcoodb01-주문체결, sourceFilePath: null, type: 주기, day: 1-5, start: 000501, interval: 2, end: 230501
2026-08-06 15:44:41.404 [scheduling-1] INFO  AnalyzeScheduler - [[[주기 분석 실행 결정]]] - serverId: dlprem01-테스트개발, file: null, 간격: 1분, 940번째 실행, day: *, start: 000501, end: 230501
2026-08-06 15:44:41.404 [scheduling-1] INFO  AnalyzeScheduler - [[[주기 분석 실행 결정]]] - serverId: pqgetap1-시세포착1, file: null, 간격: 1분, 940번째 실행, day: *, start: 000501, end: 230501
2026-08-06 15:44:41.404 [scheduling-1] INFO  AnalyzeScheduler - [[[주기 분석 실행 결정]]] - serverId: pjpsap01-주파수클럽, file: null, 간격: 1분, 940번째 실행, day: *, start: 000501, end: 230501
2026-08-06 15:44:41.404 [scheduling-1] INFO  AnalyzeScheduler - [[[주기 분석 실행 결정]]] - serverId: ddfep01-해외시세, file: null, 간격: 1분, 940번째 실행, day: *, start: 000501, end: 230501
2026-08-06 15:44:41.409 [analyze-async-2] INFO  AnalyzeService - 분석 이력 등록 - historyId: 14426, serverId: dlprem01-테스트개발, date: 20260806
2026-08-06 15:44:41.409 [analyze-async-5] INFO  AnalyzeService - 분석 이력 등록 - historyId: 14425, serverId: pqgetap1-시세포착1, date: 20260806
2026-08-06 15:44:41.409 [analyze-async-3] INFO  AnalyzeService - 분석 이력 등록 - historyId: 14427, serverId: ddfep01-해외시세, date: 20260806
2026-08-06 15:44:41.409 [analyze-async-1] INFO  AnalyzeService - 분석 이력 등록 - historyId: 14428, serverId: pjpsap01-주파수클럽, date: 20260806
2026-08-06 15:44:41.409 [analyze-async-3] INFO  AnalyzeRetryService - 분석 완료 - 서버: ddfep01-해외시세, 타입: 주기, 대상일: 20260806, 총: 0건, 에러: 0건, 경고: 0건
2026-08-06 15:44:41.409 [analyze-async-2] INFO  AnalyzeRetryService - 분석 완료 - 서버: dlprem01-테스트개발, 타입: 주기, 대상일: 20260806, 총: 0건, 에러: 0건, 경고: 0건
2026-08-06 15:44:41.409 [analyze-async-5] INFO  AnalyzeRetryService - 분석 완료 - 서버: pqgetap1-시세포착1, 타입: 주기, 대상일: 20260806, 총: 0건, 에러: 0건, 경고: 0건
2026-08-06 15:44:41.411 [analyze-async-1] INFO  AnalyzeRetryService - 분석 완료 - 서버: pjpsap01-주파수클럽, 타입: 주기, 대상일: 20260806, 총: 0건, 에러: 0건, 경고: 0건
2026-08-06 15:44:42.469 [Test worker] INFO  UserCountSpikeMockTest - [5/60] 2026-08-06T15:44:42.465589600 → HTS:3401, MTS:1062, TOTAL:4463
2026-08-06 15:45:41.409 [scheduling-1] INFO  AnalyzeScheduleParser - ==============================================================
2026-08-06 15:45:41.409 [scheduling-1] INFO  AnalyzeScheduleParser - ==============================================================
2026-08-06 15:45:41.409 [scheduling-1] INFO  AnalyzeScheduleParser - 분석 스케줄 파일 파싱 시작 - filePath: C:\Users\20200161\Desktop\PreCheck_work\Precheck_project\Precheck_SKSCh1\precheck_collect\analyze\schedule_sample\PreCheck_AnalyzeLogs_Schedule.conf, absolutePath: C:\Users\20200161\Desktop\PreCheck_work\Precheck_project\Precheck_SKSCh1\precheck_collect\analyze\schedule_sample\PreCheck_AnalyzeLogs_Schedule.conf
2026-08-06 15:45:41.410 [scheduling-1] INFO  AnalyzeScheduleParser - 분석 스케줄 파일 파싱 완료 - absolutePath: C:\Users\20200161\Desktop\PreCheck_work\Precheck_project\Precheck_SKSCh1\precheck_collect\analyze\schedule_sample\PreCheck_AnalyzeLogs_Schedule.conf, 유효 스케줄 건수: 8
2026-08-06 15:45:41.410 [scheduling-1] INFO  AnalyzeScheduleParser -   [1] serverId: dlprem01-테스트개발, sourceFilePath: null, type: 주기, day: *, start: 000501, interval: 1, end: 230501
2026-08-06 15:45:41.411 [scheduling-1] INFO  AnalyzeScheduleParser -   [2] serverId: pamoap01-자동주문, sourceFilePath: null, type: 주기, day: *, start: 000501, interval: 2, end: 230501
2026-08-06 15:45:41.411 [scheduling-1] INFO  AnalyzeScheduleParser -   [3] serverId: pqgetap1-시세포착1, sourceFilePath: null, type: 주기, day: *, start: 000501, interval: 1, end: 230501
2026-08-06 15:45:41.411 [scheduling-1] INFO  AnalyzeScheduleParser -   [4] serverId: pqgetap2-시세포착2, sourceFilePath: null, type: 주기, day: *, start: 000501, interval: 2, end: 230501
2026-08-06 15:45:41.411 [scheduling-1] INFO  AnalyzeScheduleParser -   [5] serverId: pjpsap01-주파수클럽, sourceFilePath: null, type: 주기, day: *, start: 000501, interval: 1, end: 230501
2026-08-06 15:45:41.411 [scheduling-1] INFO  AnalyzeScheduleParser -   [6] serverId: pmaster2-마스터, sourceFilePath: null, type: 주기, day: *, start: 000501, interval: 2, end: 230501
2026-08-06 15:45:41.411 [scheduling-1] INFO  AnalyzeScheduleParser -   [7] serverId: ddfep01-해외시세, sourceFilePath: null, type: 주기, day: *, start: 000501, interval: 1, end: 230501
2026-08-06 15:45:41.411 [scheduling-1] INFO  AnalyzeScheduleParser -   [8] serverId: dcoodb01-주문체결, sourceFilePath: null, type: 주기, day: 1-5, start: 000501, interval: 2, end: 230501
2026-08-06 15:45:41.411 [scheduling-1] INFO  AnalyzeScheduler - [[[주기 분석 실행 결정]]] - serverId: dlprem01-테스트개발, file: null, 간격: 1분, 941번째 실행, day: *, start: 000501, end: 230501
2026-08-06 15:45:41.411 [scheduling-1] INFO  AnalyzeScheduler - [[[주기 분석 실행 결정]]] - serverId: pamoap01-자동주문, file: null, 간격: 2분, 471번째 실행, day: *, start: 000501, end: 230501
2026-08-06 15:45:41.412 [scheduling-1] INFO  AnalyzeScheduler - [[[주기 분석 실행 결정]]] - serverId: pqgetap1-시세포착1, file: null, 간격: 1분, 941번째 실행, day: *, start: 000501, end: 230501
2026-08-06 15:45:41.412 [scheduling-1] INFO  AnalyzeScheduler - [[[주기 분석 실행 결정]]] - serverId: pqgetap2-시세포착2, file: null, 간격: 2분, 471번째 실행, day: *, start: 000501, end: 230501
2026-08-06 15:45:41.412 [scheduling-1] INFO  AnalyzeScheduler - [[[주기 분석 실행 결정]]] - serverId: pjpsap01-주파수클럽, file: null, 간격: 1분, 941번째 실행, day: *, start: 000501, end: 230501
2026-08-06 15:45:41.412 [scheduling-1] INFO  AnalyzeScheduler - [[[주기 분석 실행 결정]]] - serverId: pmaster2-마스터, file: null, 간격: 2분, 471번째 실행, day: *, start: 000501, end: 230501
2026-08-06 15:45:41.412 [scheduling-1] INFO  AnalyzeScheduler - [[[주기 분석 실행 결정]]] - serverId: ddfep01-해외시세, file: null, 간격: 1분, 941번째 실행, day: *, start: 000501, end: 230501
2026-08-06 15:45:41.412 [scheduling-1] INFO  AnalyzeScheduler - [[[주기 분석 실행 결정]]] - serverId: dcoodb01-주문체결, file: null, 간격: 2분, 471번째 실행, day: 1-5, start: 000501, end: 230501
2026-08-06 15:45:41.416 [analyze-async-2] INFO  AnalyzeService - 분석 이력 등록 - historyId: 14431, serverId: pqgetap1-시세포착1, date: 20260806
2026-08-06 15:45:41.416 [analyze-async-1] INFO  AnalyzeService - 분석 이력 등록 - historyId: 14433, serverId: pjpsap01-주파수클럽, date: 20260806
2026-08-06 15:45:41.416 [analyze-async-5] INFO  AnalyzeService - 분석 이력 등록 - historyId: 14432, serverId: pqgetap2-시세포착2, date: 20260806
2026-08-06 15:45:41.416 [analyze-async-3] INFO  AnalyzeService - 분석 이력 등록 - historyId: 14429, serverId: pamoap01-자동주문, date: 20260806
2026-08-06 15:45:41.416 [analyze-async-4] INFO  AnalyzeService - 분석 이력 등록 - historyId: 14430, serverId: dlprem01-테스트개발, date: 20260806
2026-08-06 15:45:41.419 [analyze-async-1] INFO  AnalyzeRetryService - 분석 완료 - 서버: pjpsap01-주파수클럽, 타입: 주기, 대상일: 20260806, 총: 0건, 에러: 0건, 경고: 0건
2026-08-06 15:45:41.419 [analyze-async-2] INFO  AnalyzeRetryService - 분석 완료 - 서버: pqgetap1-시세포착1, 타입: 주기, 대상일: 20260806, 총: 0건, 에러: 0건, 경고: 0건
2026-08-06 15:45:41.419 [analyze-async-4] INFO  AnalyzeRetryService - 분석 완료 - 서버: dlprem01-테스트개발, 타입: 주기, 대상일: 20260806, 총: 0건, 에러: 0건, 경고: 0건
2026-08-06 15:45:41.419 [analyze-async-3] INFO  AnalyzeRetryService - 분석 완료 - 서버: pamoap01-자동주문, 타입: 주기, 대상일: 20260806, 총: 0건, 에러: 0건, 경고: 0건
2026-08-06 15:45:41.419 [analyze-async-5] INFO  AnalyzeRetryService - 분석 완료 - 서버: pqgetap2-시세포착2, 타입: 주기, 대상일: 20260806, 총: 0건, 에러: 0건, 경고: 0건
2026-08-06 15:45:41.420 [analyze-async-1] INFO  AnalyzeService - 분석 이력 등록 - historyId: 14434, serverId: pmaster2-마스터, date: 20260806
2026-08-06 15:45:41.420 [analyze-async-2] INFO  AnalyzeService - 분석 이력 등록 - historyId: 14435, serverId: ddfep01-해외시세, date: 20260806
2026-08-06 15:45:41.420 [analyze-async-4] INFO  AnalyzeService - 분석 이력 등록 - historyId: 14436, serverId: dcoodb01-주문체결, date: 20260806
2026-08-06 15:45:41.421 [analyze-async-1] INFO  AnalyzeRetryService - 분석 완료 - 서버: pmaster2-마스터, 타입: 주기, 대상일: 20260806, 총: 0건, 에러: 0건, 경고: 0건
2026-08-06 15:45:41.422 [analyze-async-2] INFO  AnalyzeRetryService - 분석 완료 - 서버: ddfep01-해외시세, 타입: 주기, 대상일: 20260806, 총: 0건, 에러: 0건, 경고: 0건
2026-08-06 15:45:41.422 [analyze-async-4] INFO  AnalyzeRetryService - 분석 완료 - 서버: dcoodb01-주문체결, 타입: 주기, 대상일: 20260806, 총: 0건, 에러: 0건, 경고: 0건
2026-08-06 15:45:42.477 [Test worker] INFO  UserCountSpikeMockTest - [6/60] 2026-08-06T15:45:42.473353700 → HTS:3583, MTS:1062, TOTAL:4645
2026-08-06 15:46:41.417 [scheduling-1] INFO  AnalyzeScheduleParser - ==============================================================
2026-08-06 15:46:41.417 [scheduling-1] INFO  AnalyzeScheduleParser - ==============================================================
2026-08-06 15:46:41.417 [scheduling-1] INFO  AnalyzeScheduleParser - 분석 스케줄 파일 파싱 시작 - filePath: C:\Users\20200161\Desktop\PreCheck_work\Precheck_project\Precheck_SKSCh1\precheck_collect\analyze\schedule_sample\PreCheck_AnalyzeLogs_Schedule.conf, absolutePath: C:\Users\20200161\Desktop\PreCheck_work\Precheck_project\Precheck_SKSCh1\precheck_collect\analyze\schedule_sample\PreCheck_AnalyzeLogs_Schedule.conf
2026-08-06 15:46:41.418 [scheduling-1] INFO  AnalyzeScheduleParser - 분석 스케줄 파일 파싱 완료 - absolutePath: C:\Users\20200161\Desktop\PreCheck_work\Precheck_project\Precheck_SKSCh1\precheck_collect\analyze\schedule_sample\PreCheck_AnalyzeLogs_Schedule.conf, 유효 스케줄 건수: 8
2026-08-06 15:46:41.419 [scheduling-1] INFO  AnalyzeScheduleParser -   [1] serverId: dlprem01-테스트개발, sourceFilePath: null, type: 주기, day: *, start: 000501, interval: 1, end: 230501
2026-08-06 15:46:41.419 [scheduling-1] INFO  AnalyzeScheduleParser -   [2] serverId: pamoap01-자동주문, sourceFilePath: null, type: 주기, day: *, start: 000501, interval: 2, end: 230501
2026-08-06 15:46:41.419 [scheduling-1] INFO  AnalyzeScheduleParser -   [3] serverId: pqgetap1-시세포착1, sourceFilePath: null, type: 주기, day: *, start: 000501, interval: 1, end: 230501
2026-08-06 15:46:41.419 [scheduling-1] INFO  AnalyzeScheduleParser -   [4] serverId: pqgetap2-시세포착2, sourceFilePath: null, type: 주기, day: *, start: 000501, interval: 2, end: 230501
2026-08-06 15:46:41.419 [scheduling-1] INFO  AnalyzeScheduleParser -   [5] serverId: pjpsap01-주파수클럽, sourceFilePath: null, type: 주기, day: *, start: 000501, interval: 1, end: 230501
2026-08-06 15:46:41.419 [scheduling-1] INFO  AnalyzeScheduleParser -   [6] serverId: pmaster2-마스터, sourceFilePath: null, type: 주기, day: *, start: 000501, interval: 2, end: 230501
2026-08-06 15:46:41.419 [scheduling-1] INFO  AnalyzeScheduleParser -   [7] serverId: ddfep01-해외시세, sourceFilePath: null, type: 주기, day: *, start: 000501, interval: 1, end: 230501
2026-08-06 15:46:41.419 [scheduling-1] INFO  AnalyzeScheduleParser -   [8] serverId: dcoodb01-주문체결, sourceFilePath: null, type: 주기, day: 1-5, start: 000501, interval: 2, end: 230501
2026-08-06 15:46:41.419 [scheduling-1] INFO  AnalyzeScheduler - [[[주기 분석 실행 결정]]] - serverId: dlprem01-테스트개발, file: null, 간격: 1분, 942번째 실행, day: *, start: 000501, end: 230501
2026-08-06 15:46:41.419 [scheduling-1] INFO  AnalyzeScheduler - [[[주기 분석 실행 결정]]] - serverId: pqgetap1-시세포착1, file: null, 간격: 1분, 942번째 실행, day: *, start: 000501, end: 230501
2026-08-06 15:46:41.419 [scheduling-1] INFO  AnalyzeScheduler - [[[주기 분석 실행 결정]]] - serverId: pjpsap01-주파수클럽, file: null, 간격: 1분, 942번째 실행, day: *, start: 000501, end: 230501
2026-08-06 15:46:41.420 [scheduling-1] INFO  AnalyzeScheduler - [[[주기 분석 실행 결정]]] - serverId: ddfep01-해외시세, file: null, 간격: 1분, 942번째 실행, day: *, start: 000501, end: 230501
2026-08-06 15:46:41.424 [analyze-async-1] INFO  AnalyzeService - 분석 이력 등록 - historyId: 14437, serverId: pjpsap01-주파수클럽, date: 20260806
2026-08-06 15:46:41.424 [analyze-async-3] INFO  AnalyzeService - 분석 이력 등록 - historyId: 14439, serverId: dlprem01-테스트개발, date: 20260806
2026-08-06 15:46:41.424 [analyze-async-5] INFO  AnalyzeService - 분석 이력 등록 - historyId: 14438, serverId: pqgetap1-시세포착1, date: 20260806
2026-08-06 15:46:41.424 [analyze-async-2] INFO  AnalyzeService - 분석 이력 등록 - historyId: 14440, serverId: ddfep01-해외시세, date: 20260806
2026-08-06 15:46:41.428 [analyze-async-1] INFO  AnalyzeRetryService - 분석 완료 - 서버: pjpsap01-주파수클럽, 타입: 주기, 대상일: 20260806, 총: 0건, 에러: 0건, 경고: 0건
2026-08-06 15:46:41.428 [analyze-async-3] INFO  AnalyzeRetryService - 분석 완료 - 서버: dlprem01-테스트개발, 타입: 주기, 대상일: 20260806, 총: 0건, 에러: 0건, 경고: 0건
2026-08-06 15:46:41.428 [analyze-async-2] INFO  AnalyzeRetryService - 분석 완료 - 서버: ddfep01-해외시세, 타입: 주기, 대상일: 20260806, 총: 0건, 에러: 0건, 경고: 0건
2026-08-06 15:46:41.428 [analyze-async-5] INFO  AnalyzeRetryService - 분석 완료 - 서버: pqgetap1-시세포착1, 타입: 주기, 대상일: 20260806, 총: 0건, 에러: 0건, 경고: 0건
2026-08-06 15:46:42.484 [Test worker] INFO  UserCountSpikeMockTest - [7/60] 2026-08-06T15:46:42.480478500 → HTS:3361, MTS:960, TOTAL:4321
2026-08-06 15:47:41.424 [scheduling-1] INFO  AnalyzeScheduleParser - ==============================================================
2026-08-06 15:47:41.424 [scheduling-1] INFO  AnalyzeScheduleParser - ==============================================================
2026-08-06 15:47:41.424 [scheduling-1] INFO  AnalyzeScheduleParser - 분석 스케줄 파일 파싱 시작 - filePath: C:\Users\20200161\Desktop\PreCheck_work\Precheck_project\Precheck_SKSCh1\precheck_collect\analyze\schedule_sample\PreCheck_AnalyzeLogs_Schedule.conf, absolutePath: C:\Users\20200161\Desktop\PreCheck_work\Precheck_project\Precheck_SKSCh1\precheck_collect\analyze\schedule_sample\PreCheck_AnalyzeLogs_Schedule.conf
2026-08-06 15:47:41.425 [scheduling-1] INFO  AnalyzeScheduleParser - 분석 스케줄 파일 파싱 완료 - absolutePath: C:\Users\20200161\Desktop\PreCheck_work\Precheck_project\Precheck_SKSCh1\precheck_collect\analyze\schedule_sample\PreCheck_AnalyzeLogs_Schedule.conf, 유효 스케줄 건수: 8
2026-08-06 15:47:41.425 [scheduling-1] INFO  AnalyzeScheduleParser -   [1] serverId: dlprem01-테스트개발, sourceFilePath: null, type: 주기, day: *, start: 000501, interval: 1, end: 230501
2026-08-06 15:47:41.425 [scheduling-1] INFO  AnalyzeScheduleParser -   [2] serverId: pamoap01-자동주문, sourceFilePath: null, type: 주기, day: *, start: 000501, interval: 2, end: 230501
2026-08-06 15:47:41.425 [scheduling-1] INFO  AnalyzeScheduleParser -   [3] serverId: pqgetap1-시세포착1, sourceFilePath: null, type: 주기, day: *, start: 000501, interval: 1, end: 230501
2026-08-06 15:47:41.425 [scheduling-1] INFO  AnalyzeScheduleParser -   [4] serverId: pqgetap2-시세포착2, sourceFilePath: null, type: 주기, day: *, start: 000501, interval: 2, end: 230501
2026-08-06 15:47:41.425 [scheduling-1] INFO  AnalyzeScheduleParser -   [5] serverId: pjpsap01-주파수클럽, sourceFilePath: null, type: 주기, day: *, start: 000501, interval: 1, end: 230501
2026-08-06 15:47:41.425 [scheduling-1] INFO  AnalyzeScheduleParser -   [6] serverId: pmaster2-마스터, sourceFilePath: null, type: 주기, day: *, start: 000501, interval: 2, end: 230501
2026-08-06 15:47:41.425 [scheduling-1] INFO  AnalyzeScheduleParser -   [7] serverId: ddfep01-해외시세, sourceFilePath: null, type: 주기, day: *, start: 000501, interval: 1, end: 230501
2026-08-06 15:47:41.425 [scheduling-1] INFO  AnalyzeScheduleParser -   [8] serverId: dcoodb01-주문체결, sourceFilePath: null, type: 주기, day: 1-5, start: 000501, interval: 2, end: 230501
2026-08-06 15:47:41.425 [scheduling-1] INFO  AnalyzeScheduler - [[[주기 분석 실행 결정]]] - serverId: dlprem01-테스트개발, file: null, 간격: 1분, 943번째 실행, day: *, start: 000501, end: 230501
2026-08-06 15:47:41.425 [scheduling-1] INFO  AnalyzeScheduler - [[[주기 분석 실행 결정]]] - serverId: pamoap01-자동주문, file: null, 간격: 2분, 472번째 실행, day: *, start: 000501, end: 230501
2026-08-06 15:47:41.425 [scheduling-1] INFO  AnalyzeScheduler - [[[주기 분석 실행 결정]]] - serverId: pqgetap1-시세포착1, file: null, 간격: 1분, 943번째 실행, day: *, start: 000501, end: 230501
2026-08-06 15:47:41.425 [scheduling-1] INFO  AnalyzeScheduler - [[[주기 분석 실행 결정]]] - serverId: pqgetap2-시세포착2, file: null, 간격: 2분, 472번째 실행, day: *, start: 000501, end: 230501
2026-08-06 15:47:41.425 [scheduling-1] INFO  AnalyzeScheduler - [[[주기 분석 실행 결정]]] - serverId: pjpsap01-주파수클럽, file: null, 간격: 1분, 943번째 실행, day: *, start: 000501, end: 230501
2026-08-06 15:47:41.425 [scheduling-1] INFO  AnalyzeScheduler - [[[주기 분석 실행 결정]]] - serverId: pmaster2-마스터, file: null, 간격: 2분, 472번째 실행, day: *, start: 000501, end: 230501
2026-08-06 15:47:41.426 [scheduling-1] INFO  AnalyzeScheduler - [[[주기 분석 실행 결정]]] - serverId: ddfep01-해외시세, file: null, 간격: 1분, 943번째 실행, day: *, start: 000501, end: 230501
2026-08-06 15:47:41.426 [scheduling-1] INFO  AnalyzeScheduler - [[[주기 분석 실행 결정]]] - serverId: dcoodb01-주문체결, file: null, 간격: 2분, 472번째 실행, day: 1-5, start: 000501, end: 230501
2026-08-06 15:47:41.428 [analyze-async-2] INFO  AnalyzeService - 분석 이력 등록 - historyId: 14444, serverId: pqgetap2-시세포착2, date: 20260806
2026-08-06 15:47:41.428 [analyze-async-3] INFO  AnalyzeService - 분석 이력 등록 - historyId: 14442, serverId: pqgetap1-시세포착1, date: 20260806
2026-08-06 15:47:41.428 [analyze-async-5] INFO  AnalyzeService - 분석 이력 등록 - historyId: 14445, serverId: pjpsap01-주파수클럽, date: 20260806
2026-08-06 15:47:41.428 [analyze-async-1] INFO  AnalyzeService - 분석 이력 등록 - historyId: 14443, serverId: pamoap01-자동주문, date: 20260806
2026-08-06 15:47:41.428 [analyze-async-4] INFO  AnalyzeService - 분석 이력 등록 - historyId: 14441, serverId: dlprem01-테스트개발, date: 20260806
2026-08-06 15:47:41.430 [analyze-async-1] INFO  AnalyzeRetryService - 분석 완료 - 서버: pamoap01-자동주문, 타입: 주기, 대상일: 20260806, 총: 0건, 에러: 0건, 경고: 0건
2026-08-06 15:47:41.430 [analyze-async-5] INFO  AnalyzeRetryService - 분석 완료 - 서버: pjpsap01-주파수클럽, 타입: 주기, 대상일: 20260806, 총: 0건, 에러: 0건, 경고: 0건
2026-08-06 15:47:41.430 [analyze-async-4] INFO  AnalyzeRetryService - 분석 완료 - 서버: dlprem01-테스트개발, 타입: 주기, 대상일: 20260806, 총: 0건, 에러: 0건, 경고: 0건
2026-08-06 15:47:41.430 [analyze-async-3] INFO  AnalyzeRetryService - 분석 완료 - 서버: pqgetap1-시세포착1, 타입: 주기, 대상일: 20260806, 총: 0건, 에러: 0건, 경고: 0건
2026-08-06 15:47:41.430 [analyze-async-2] INFO  AnalyzeRetryService - 분석 완료 - 서버: pqgetap2-시세포착2, 타입: 주기, 대상일: 20260806, 총: 0건, 에러: 0건, 경고: 0건
2026-08-06 15:47:41.431 [analyze-async-1] INFO  AnalyzeService - 분석 이력 등록 - historyId: 14446, serverId: pmaster2-마스터, date: 20260806
2026-08-06 15:47:41.431 [analyze-async-4] INFO  AnalyzeService - 분석 이력 등록 - historyId: 14448, serverId: dcoodb01-주문체결, date: 20260806
2026-08-06 15:47:41.431 [analyze-async-5] INFO  AnalyzeService - 분석 이력 등록 - historyId: 14447, serverId: ddfep01-해외시세, date: 20260806
2026-08-06 15:47:41.433 [analyze-async-4] INFO  AnalyzeRetryService - 분석 완료 - 서버: dcoodb01-주문체결, 타입: 주기, 대상일: 20260806, 총: 0건, 에러: 0건, 경고: 0건
2026-08-06 15:47:41.433 [analyze-async-1] INFO  AnalyzeRetryService - 분석 완료 - 서버: pmaster2-마스터, 타입: 주기, 대상일: 20260806, 총: 0건, 에러: 0건, 경고: 0건
2026-08-06 15:47:41.433 [analyze-async-5] INFO  AnalyzeRetryService - 분석 완료 - 서버: ddfep01-해외시세, 타입: 주기, 대상일: 20260806, 총: 0건, 에러: 0건, 경고: 0건
2026-08-06 15:47:42.509 [Test worker] INFO  UserCountSpikeMockTest - [8/60] 2026-08-06T15:47:42.506458500 → HTS:3128, MTS:1365, TOTAL:4493
2026-08-06 15:48:41.429 [scheduling-1] INFO  AnalyzeScheduleParser - ==============================================================
2026-08-06 15:48:41.429 [scheduling-1] INFO  AnalyzeScheduleParser - ==============================================================
2026-08-06 15:48:41.429 [scheduling-1] INFO  AnalyzeScheduleParser - 분석 스케줄 파일 파싱 시작 - filePath: C:\Users\20200161\Desktop\PreCheck_work\Precheck_project\Precheck_SKSCh1\precheck_collect\analyze\schedule_sample\PreCheck_AnalyzeLogs_Schedule.conf, absolutePath: C:\Users\20200161\Desktop\PreCheck_work\Precheck_project\Precheck_SKSCh1\precheck_collect\analyze\schedule_sample\PreCheck_AnalyzeLogs_Schedule.conf
2026-08-06 15:48:41.431 [scheduling-1] INFO  AnalyzeScheduleParser - 분석 스케줄 파일 파싱 완료 - absolutePath: C:\Users\20200161\Desktop\PreCheck_work\Precheck_project\Precheck_SKSCh1\precheck_collect\analyze\schedule_sample\PreCheck_AnalyzeLogs_Schedule.conf, 유효 스케줄 건수: 8
2026-08-06 15:48:41.431 [scheduling-1] INFO  AnalyzeScheduleParser -   [1] serverId: dlprem01-테스트개발, sourceFilePath: null, type: 주기, day: *, start: 000501, interval: 1, end: 230501
2026-08-06 15:48:41.431 [scheduling-1] INFO  AnalyzeScheduleParser -   [2] serverId: pamoap01-자동주문, sourceFilePath: null, type: 주기, day: *, start: 000501, interval: 2, end: 230501
2026-08-06 15:48:41.431 [scheduling-1] INFO  AnalyzeScheduleParser -   [3] serverId: pqgetap1-시세포착1, sourceFilePath: null, type: 주기, day: *, start: 000501, interval: 1, end: 230501
2026-08-06 15:48:41.432 [scheduling-1] INFO  AnalyzeScheduleParser -   [4] serverId: pqgetap2-시세포착2, sourceFilePath: null, type: 주기, day: *, start: 000501, interval: 2, end: 230501
2026-08-06 15:48:41.432 [scheduling-1] INFO  AnalyzeScheduleParser -   [5] serverId: pjpsap01-주파수클럽, sourceFilePath: null, type: 주기, day: *, start: 000501, interval: 1, end: 230501
2026-08-06 15:48:41.432 [scheduling-1] INFO  AnalyzeScheduleParser -   [6] serverId: pmaster2-마스터, sourceFilePath: null, type: 주기, day: *, start: 000501, interval: 2, end: 230501
2026-08-06 15:48:41.432 [scheduling-1] INFO  AnalyzeScheduleParser -   [7] serverId: ddfep01-해외시세, sourceFilePath: null, type: 주기, day: *, start: 000501, interval: 1, end: 230501
2026-08-06 15:48:41.432 [scheduling-1] INFO  AnalyzeScheduleParser -   [8] serverId: dcoodb01-주문체결, sourceFilePath: null, type: 주기, day: 1-5, start: 000501, interval: 2, end: 230501
2026-08-06 15:48:41.432 [scheduling-1] INFO  AnalyzeScheduler - [[[주기 분석 실행 결정]]] - serverId: dlprem01-테스트개발, file: null, 간격: 1분, 944번째 실행, day: *, start: 000501, end: 230501
2026-08-06 15:48:41.432 [scheduling-1] INFO  AnalyzeScheduler - [[[주기 분석 실행 결정]]] - serverId: pqgetap1-시세포착1, file: null, 간격: 1분, 944번째 실행, day: *, start: 000501, end: 230501
2026-08-06 15:48:41.433 [scheduling-1] INFO  AnalyzeScheduler - [[[주기 분석 실행 결정]]] - serverId: pjpsap01-주파수클럽, file: null, 간격: 1분, 944번째 실행, day: *, start: 000501, end: 230501
2026-08-06 15:48:41.433 [scheduling-1] INFO  AnalyzeScheduler - [[[주기 분석 실행 결정]]] - serverId: ddfep01-해외시세, file: null, 간격: 1분, 944번째 실행, day: *, start: 000501, end: 230501
2026-08-06 15:48:41.438 [analyze-async-2] INFO  AnalyzeService - 분석 이력 등록 - historyId: 14449, serverId: pqgetap1-시세포착1, date: 20260806
2026-08-06 15:48:41.438 [analyze-async-3] INFO  AnalyzeService - 분석 이력 등록 - historyId: 14450, serverId: dlprem01-테스트개발, date: 20260806
2026-08-06 15:48:41.438 [analyze-async-4] INFO  AnalyzeService - 분석 이력 등록 - historyId: 14452, serverId: pjpsap01-주파수클럽, date: 20260806
2026-08-06 15:48:41.438 [analyze-async-1] INFO  AnalyzeService - 분석 이력 등록 - historyId: 14451, serverId: ddfep01-해외시세, date: 20260806
2026-08-06 15:48:41.442 [analyze-async-2] INFO  AnalyzeRetryService - 분석 완료 - 서버: pqgetap1-시세포착1, 타입: 주기, 대상일: 20260806, 총: 0건, 에러: 0건, 경고: 0건
2026-08-06 15:48:41.442 [analyze-async-4] INFO  AnalyzeRetryService - 분석 완료 - 서버: pjpsap01-주파수클럽, 타입: 주기, 대상일: 20260806, 총: 0건, 에러: 0건, 경고: 0건
2026-08-06 15:48:41.442 [analyze-async-3] INFO  AnalyzeRetryService - 분석 완료 - 서버: dlprem01-테스트개발, 타입: 주기, 대상일: 20260806, 총: 0건, 에러: 0건, 경고: 0건
2026-08-06 15:48:41.442 [analyze-async-1] INFO  AnalyzeRetryService - 분석 완료 - 서버: ddfep01-해외시세, 타입: 주기, 대상일: 20260806, 총: 0건, 에러: 0건, 경고: 0건
2026-08-06 15:48:42.518 [Test worker] INFO  UserCountSpikeMockTest - [9/60] 2026-08-06T15:48:42.514898500 → HTS:3428, MTS:1047, TOTAL:4475
2026-08-06 15:49:41.437 [scheduling-1] INFO  AnalyzeScheduleParser - ==============================================================
2026-08-06 15:49:41.437 [scheduling-1] INFO  AnalyzeScheduleParser - ==============================================================
2026-08-06 15:49:41.437 [scheduling-1] INFO  AnalyzeScheduleParser - 분석 스케줄 파일 파싱 시작 - filePath: C:\Users\20200161\Desktop\PreCheck_work\Precheck_project\Precheck_SKSCh1\precheck_collect\analyze\schedule_sample\PreCheck_AnalyzeLogs_Schedule.conf, absolutePath: C:\Users\20200161\Desktop\PreCheck_work\Precheck_project\Precheck_SKSCh1\precheck_collect\analyze\schedule_sample\PreCheck_AnalyzeLogs_Schedule.conf
2026-08-06 15:49:41.439 [scheduling-1] INFO  AnalyzeScheduleParser - 분석 스케줄 파일 파싱 완료 - absolutePath: C:\Users\20200161\Desktop\PreCheck_work\Precheck_project\Precheck_SKSCh1\precheck_collect\analyze\schedule_sample\PreCheck_AnalyzeLogs_Schedule.conf, 유효 스케줄 건수: 8
2026-08-06 15:49:41.439 [scheduling-1] INFO  AnalyzeScheduleParser -   [1] serverId: dlprem01-테스트개발, sourceFilePath: null, type: 주기, day: *, start: 000501, interval: 1, end: 230501
2026-08-06 15:49:41.439 [scheduling-1] INFO  AnalyzeScheduleParser -   [2] serverId: pamoap01-자동주문, sourceFilePath: null, type: 주기, day: *, start: 000501, interval: 2, end: 230501
2026-08-06 15:49:41.439 [scheduling-1] INFO  AnalyzeScheduleParser -   [3] serverId: pqgetap1-시세포착1, sourceFilePath: null, type: 주기, day: *, start: 000501, interval: 1, end: 230501
2026-08-06 15:49:41.439 [scheduling-1] INFO  AnalyzeScheduleParser -   [4] serverId: pqgetap2-시세포착2, sourceFilePath: null, type: 주기, day: *, start: 000501, interval: 2, end: 230501
2026-08-06 15:49:41.439 [scheduling-1] INFO  AnalyzeScheduleParser -   [5] serverId: pjpsap01-주파수클럽, sourceFilePath: null, type: 주기, day: *, start: 000501, interval: 1, end: 230501
2026-08-06 15:49:41.439 [scheduling-1] INFO  AnalyzeScheduleParser -   [6] serverId: pmaster2-마스터, sourceFilePath: null, type: 주기, day: *, start: 000501, interval: 2, end: 230501
2026-08-06 15:49:41.439 [scheduling-1] INFO  AnalyzeScheduleParser -   [7] serverId: ddfep01-해외시세, sourceFilePath: null, type: 주기, day: *, start: 000501, interval: 1, end: 230501
2026-08-06 15:49:41.439 [scheduling-1] INFO  AnalyzeScheduleParser -   [8] serverId: dcoodb01-주문체결, sourceFilePath: null, type: 주기, day: 1-5, start: 000501, interval: 2, end: 230501
2026-08-06 15:49:41.439 [scheduling-1] INFO  AnalyzeScheduler - [[[주기 분석 실행 결정]]] - serverId: dlprem01-테스트개발, file: null, 간격: 1분, 945번째 실행, day: *, start: 000501, end: 230501
2026-08-06 15:49:41.440 [scheduling-1] INFO  AnalyzeScheduler - [[[주기 분석 실행 결정]]] - serverId: pamoap01-자동주문, file: null, 간격: 2분, 473번째 실행, day: *, start: 000501, end: 230501
2026-08-06 15:49:41.440 [scheduling-1] INFO  AnalyzeScheduler - [[[주기 분석 실행 결정]]] - serverId: pqgetap1-시세포착1, file: null, 간격: 1분, 945번째 실행, day: *, start: 000501, end: 230501
2026-08-06 15:49:41.440 [scheduling-1] INFO  AnalyzeScheduler - [[[주기 분석 실행 결정]]] - serverId: pqgetap2-시세포착2, file: null, 간격: 2분, 473번째 실행, day: *, start: 000501, end: 230501
2026-08-06 15:49:41.440 [scheduling-1] INFO  AnalyzeScheduler - [[[주기 분석 실행 결정]]] - serverId: pjpsap01-주파수클럽, file: null, 간격: 1분, 945번째 실행, day: *, start: 000501, end: 230501
2026-08-06 15:49:41.440 [scheduling-1] INFO  AnalyzeScheduler - [[[주기 분석 실행 결정]]] - serverId: pmaster2-마스터, file: null, 간격: 2분, 473번째 실행, day: *, start: 000501, end: 230501
2026-08-06 15:49:41.440 [scheduling-1] INFO  AnalyzeScheduler - [[[주기 분석 실행 결정]]] - serverId: ddfep01-해외시세, file: null, 간격: 1분, 945번째 실행, day: *, start: 000501, end: 230501
2026-08-06 15:49:41.441 [scheduling-1] INFO  AnalyzeScheduler - [[[주기 분석 실행 결정]]] - serverId: dcoodb01-주문체결, file: null, 간격: 2분, 473번째 실행, day: 1-5, start: 000501, end: 230501
2026-08-06 15:49:41.445 [analyze-async-3] INFO  AnalyzeService - 분석 이력 등록 - historyId: 14455, serverId: pqgetap2-시세포착2, date: 20260806
2026-08-06 15:49:41.445 [analyze-async-1] INFO  AnalyzeService - 분석 이력 등록 - historyId: 14457, serverId: pjpsap01-주파수클럽, date: 20260806
2026-08-06 15:49:41.445 [analyze-async-5] INFO  AnalyzeService - 분석 이력 등록 - historyId: 14454, serverId: dlprem01-테스트개발, date: 20260806
2026-08-06 15:49:41.445 [analyze-async-4] INFO  AnalyzeService - 분석 이력 등록 - historyId: 14456, serverId: pqgetap1-시세포착1, date: 20260806
2026-08-06 15:49:41.445 [analyze-async-2] INFO  AnalyzeService - 분석 이력 등록 - historyId: 14453, serverId: pamoap01-자동주문, date: 20260806
2026-08-06 15:49:41.448 [analyze-async-1] INFO  AnalyzeRetryService - 분석 완료 - 서버: pjpsap01-주파수클럽, 타입: 주기, 대상일: 20260806, 총: 0건, 에러: 0건, 경고: 0건
2026-08-06 15:49:41.448 [analyze-async-2] INFO  AnalyzeRetryService - 분석 완료 - 서버: pamoap01-자동주문, 타입: 주기, 대상일: 20260806, 총: 0건, 에러: 0건, 경고: 0건
2026-08-06 15:49:41.448 [analyze-async-5] INFO  AnalyzeRetryService - 분석 완료 - 서버: dlprem01-테스트개발, 타입: 주기, 대상일: 20260806, 총: 0건, 에러: 0건, 경고: 0건
2026-08-06 15:49:41.448 [analyze-async-3] INFO  AnalyzeRetryService - 분석 완료 - 서버: pqgetap2-시세포착2, 타입: 주기, 대상일: 20260806, 총: 0건, 에러: 0건, 경고: 0건
2026-08-06 15:49:41.448 [analyze-async-4] INFO  AnalyzeRetryService - 분석 완료 - 서버: pqgetap1-시세포착1, 타입: 주기, 대상일: 20260806, 총: 0건, 에러: 0건, 경고: 0건
2026-08-06 15:49:41.448 [analyze-async-1] INFO  AnalyzeService - 분석 이력 등록 - historyId: 14458, serverId: pmaster2-마스터, date: 20260806
2026-08-06 15:49:41.449 [analyze-async-2] INFO  AnalyzeService - 분석 이력 등록 - historyId: 14459, serverId: ddfep01-해외시세, date: 20260806
2026-08-06 15:49:41.449 [analyze-async-5] INFO  AnalyzeService - 분석 이력 등록 - historyId: 14460, serverId: dcoodb01-주문체결, date: 20260806
2026-08-06 15:49:41.450 [analyze-async-2] INFO  AnalyzeRetryService - 분석 완료 - 서버: ddfep01-해외시세, 타입: 주기, 대상일: 20260806, 총: 0건, 에러: 0건, 경고: 0건
2026-08-06 15:49:41.450 [analyze-async-1] INFO  AnalyzeRetryService - 분석 완료 - 서버: pmaster2-마스터, 타입: 주기, 대상일: 20260806, 총: 0건, 에러: 0건, 경고: 0건
2026-08-06 15:49:41.450 [analyze-async-5] INFO  AnalyzeRetryService - 분석 완료 - 서버: dcoodb01-주문체결, 타입: 주기, 대상일: 20260806, 총: 0건, 에러: 0건, 경고: 0건
2026-08-06 15:49:42.525 [Test worker] INFO  UserCountSpikeMockTest - [10/60] 2026-08-06T15:49:42.521183300 → HTS:3535, MTS:1292, TOTAL:4827
2026-08-06 15:50:41.445 [scheduling-1] INFO  AnalyzeScheduleParser - ==============================================================
2026-08-06 15:50:41.445 [scheduling-1] INFO  AnalyzeScheduleParser - ==============================================================
2026-08-06 15:50:41.445 [scheduling-1] INFO  AnalyzeScheduleParser - 분석 스케줄 파일 파싱 시작 - filePath: C:\Users\20200161\Desktop\PreCheck_work\Precheck_project\Precheck_SKSCh1\precheck_collect\analyze\schedule_sample\PreCheck_AnalyzeLogs_Schedule.conf, absolutePath: C:\Users\20200161\Desktop\PreCheck_work\Precheck_project\Precheck_SKSCh1\precheck_collect\analyze\schedule_sample\PreCheck_AnalyzeLogs_Schedule.conf
2026-08-06 15:50:41.446 [scheduling-1] INFO  AnalyzeScheduleParser - 분석 스케줄 파일 파싱 완료 - absolutePath: C:\Users\20200161\Desktop\PreCheck_work\Precheck_project\Precheck_SKSCh1\precheck_collect\analyze\schedule_sample\PreCheck_AnalyzeLogs_Schedule.conf, 유효 스케줄 건수: 8
2026-08-06 15:50:41.447 [scheduling-1] INFO  AnalyzeScheduleParser -   [1] serverId: dlprem01-테스트개발, sourceFilePath: null, type: 주기, day: *, start: 000501, interval: 1, end: 230501
2026-08-06 15:50:41.447 [scheduling-1] INFO  AnalyzeScheduleParser -   [2] serverId: pamoap01-자동주문, sourceFilePath: null, type: 주기, day: *, start: 000501, interval: 2, end: 230501
2026-08-06 15:50:41.447 [scheduling-1] INFO  AnalyzeScheduleParser -   [3] serverId: pqgetap1-시세포착1, sourceFilePath: null, type: 주기, day: *, start: 000501, interval: 1, end: 230501
2026-08-06 15:50:41.447 [scheduling-1] INFO  AnalyzeScheduleParser -   [4] serverId: pqgetap2-시세포착2, sourceFilePath: null, type: 주기, day: *, start: 000501, interval: 2, end: 230501
2026-08-06 15:50:41.447 [scheduling-1] INFO  AnalyzeScheduleParser -   [5] serverId: pjpsap01-주파수클럽, sourceFilePath: null, type: 주기, day: *, start: 000501, interval: 1, end: 230501
2026-08-06 15:50:41.447 [scheduling-1] INFO  AnalyzeScheduleParser -   [6] serverId: pmaster2-마스터, sourceFilePath: null, type: 주기, day: *, start: 000501, interval: 2, end: 230501
2026-08-06 15:50:41.447 [scheduling-1] INFO  AnalyzeScheduleParser -   [7] serverId: ddfep01-해외시세, sourceFilePath: null, type: 주기, day: *, start: 000501, interval: 1, end: 230501
2026-08-06 15:50:41.447 [scheduling-1] INFO  AnalyzeScheduleParser -   [8] serverId: dcoodb01-주문체결, sourceFilePath: null, type: 주기, day: 1-5, start: 000501, interval: 2, end: 230501
2026-08-06 15:50:41.447 [scheduling-1] INFO  AnalyzeScheduler - [[[주기 분석 실행 결정]]] - serverId: dlprem01-테스트개발, file: null, 간격: 1분, 946번째 실행, day: *, start: 000501, end: 230501
2026-08-06 15:50:41.447 [scheduling-1] INFO  AnalyzeScheduler - [[[주기 분석 실행 결정]]] - serverId: pqgetap1-시세포착1, file: null, 간격: 1분, 946번째 실행, day: *, start: 000501, end: 230501
2026-08-06 15:50:41.448 [scheduling-1] INFO  AnalyzeScheduler - [[[주기 분석 실행 결정]]] - serverId: pjpsap01-주파수클럽, file: null, 간격: 1분, 946번째 실행, day: *, start: 000501, end: 230501
2026-08-06 15:50:41.448 [scheduling-1] INFO  AnalyzeScheduler - [[[주기 분석 실행 결정]]] - serverId: ddfep01-해외시세, file: null, 간격: 1분, 946번째 실행, day: *, start: 000501, end: 230501
2026-08-06 15:50:41.450 [analyze-async-4] INFO  AnalyzeService - 분석 이력 등록 - historyId: 14461, serverId: pqgetap1-시세포착1, date: 20260806
2026-08-06 15:50:41.450 [analyze-async-1] INFO  AnalyzeService - 분석 이력 등록 - historyId: 14463, serverId: ddfep01-해외시세, date: 20260806
2026-08-06 15:50:41.450 [analyze-async-2] INFO  AnalyzeService - 분석 이력 등록 - historyId: 14464, serverId: pjpsap01-주파수클럽, date: 20260806
2026-08-06 15:50:41.450 [analyze-async-3] INFO  AnalyzeService - 분석 이력 등록 - historyId: 14462, serverId: dlprem01-테스트개발, date: 20260806
2026-08-06 15:50:41.454 [analyze-async-3] INFO  AnalyzeRetryService - 분석 완료 - 서버: dlprem01-테스트개발, 타입: 주기, 대상일: 20260806, 총: 0건, 에러: 0건, 경고: 0건
2026-08-06 15:50:41.454 [analyze-async-1] INFO  AnalyzeRetryService - 분석 완료 - 서버: ddfep01-해외시세, 타입: 주기, 대상일: 20260806, 총: 0건, 에러: 0건, 경고: 0건
2026-08-06 15:50:41.454 [analyze-async-4] INFO  AnalyzeRetryService - 분석 완료 - 서버: pqgetap1-시세포착1, 타입: 주기, 대상일: 20260806, 총: 0건, 에러: 0건, 경고: 0건
2026-08-06 15:50:41.454 [analyze-async-2] INFO  AnalyzeRetryService - 분석 완료 - 서버: pjpsap01-주파수클럽, 타입: 주기, 대상일: 20260806, 총: 0건, 에러: 0건, 경고: 0건
2026-08-06 15:50:42.531 [Test worker] INFO  UserCountSpikeMockTest - [11/60] 2026-08-06T15:50:42.527986300 → HTS:3213, MTS:1460, TOTAL:4673
2026-08-06 15:51:41.463 [scheduling-1] INFO  AnalyzeScheduleParser - ==============================================================
2026-08-06 15:51:41.463 [scheduling-1] INFO  AnalyzeScheduleParser - ==============================================================
2026-08-06 15:51:41.463 [scheduling-1] INFO  AnalyzeScheduleParser - 분석 스케줄 파일 파싱 시작 - filePath: C:\Users\20200161\Desktop\PreCheck_work\Precheck_project\Precheck_SKSCh1\precheck_collect\analyze\schedule_sample\PreCheck_AnalyzeLogs_Schedule.conf, absolutePath: C:\Users\20200161\Desktop\PreCheck_work\Precheck_project\Precheck_SKSCh1\precheck_collect\analyze\schedule_sample\PreCheck_AnalyzeLogs_Schedule.conf
2026-08-06 15:51:41.463 [scheduling-1] INFO  AnalyzeScheduleParser - 분석 스케줄 파일 파싱 완료 - absolutePath: C:\Users\20200161\Desktop\PreCheck_work\Precheck_project\Precheck_SKSCh1\precheck_collect\analyze\schedule_sample\PreCheck_AnalyzeLogs_Schedule.conf, 유효 스케줄 건수: 8
2026-08-06 15:51:41.463 [scheduling-1] INFO  AnalyzeScheduleParser -   [1] serverId: dlprem01-테스트개발, sourceFilePath: null, type: 주기, day: *, start: 000501, interval: 1, end: 230501
2026-08-06 15:51:41.463 [scheduling-1] INFO  AnalyzeScheduleParser -   [2] serverId: pamoap01-자동주문, sourceFilePath: null, type: 주기, day: *, start: 000501, interval: 2, end: 230501
2026-08-06 15:51:41.463 [scheduling-1] INFO  AnalyzeScheduleParser -   [3] serverId: pqgetap1-시세포착1, sourceFilePath: null, type: 주기, day: *, start: 000501, interval: 1, end: 230501
2026-08-06 15:51:41.463 [scheduling-1] INFO  AnalyzeScheduleParser -   [4] serverId: pqgetap2-시세포착2, sourceFilePath: null, type: 주기, day: *, start: 000501, interval: 2, end: 230501
2026-08-06 15:51:41.463 [scheduling-1] INFO  AnalyzeScheduleParser -   [5] serverId: pjpsap01-주파수클럽, sourceFilePath: null, type: 주기, day: *, start: 000501, interval: 1, end: 230501
2026-08-06 15:51:41.463 [scheduling-1] INFO  AnalyzeScheduleParser -   [6] serverId: pmaster2-마스터, sourceFilePath: null, type: 주기, day: *, start: 000501, interval: 2, end: 230501
2026-08-06 15:51:41.463 [scheduling-1] INFO  AnalyzeScheduleParser -   [7] serverId: ddfep01-해외시세, sourceFilePath: null, type: 주기, day: *, start: 000501, interval: 1, end: 230501
2026-08-06 15:51:41.463 [scheduling-1] INFO  AnalyzeScheduleParser -   [8] serverId: dcoodb01-주문체결, sourceFilePath: null, type: 주기, day: 1-5, start: 000501, interval: 2, end: 230501
2026-08-06 15:51:41.463 [scheduling-1] INFO  AnalyzeScheduler - [[[주기 분석 실행 결정]]] - serverId: dlprem01-테스트개발, file: null, 간격: 1분, 947번째 실행, day: *, start: 000501, end: 230501
2026-08-06 15:51:41.463 [scheduling-1] INFO  AnalyzeScheduler - [[[주기 분석 실행 결정]]] - serverId: pamoap01-자동주문, file: null, 간격: 2분, 474번째 실행, day: *, start: 000501, end: 230501
2026-08-06 15:51:41.463 [scheduling-1] INFO  AnalyzeScheduler - [[[주기 분석 실행 결정]]] - serverId: pqgetap1-시세포착1, file: null, 간격: 1분, 947번째 실행, day: *, start: 000501, end: 230501
2026-08-06 15:51:41.463 [scheduling-1] INFO  AnalyzeScheduler - [[[주기 분석 실행 결정]]] - serverId: pqgetap2-시세포착2, file: null, 간격: 2분, 474번째 실행, day: *, start: 000501, end: 230501
2026-08-06 15:51:41.463 [scheduling-1] INFO  AnalyzeScheduler - [[[주기 분석 실행 결정]]] - serverId: pjpsap01-주파수클럽, file: null, 간격: 1분, 947번째 실행, day: *, start: 000501, end: 230501
2026-08-06 15:51:41.463 [scheduling-1] INFO  AnalyzeScheduler - [[[주기 분석 실행 결정]]] - serverId: pmaster2-마스터, file: null, 간격: 2분, 474번째 실행, day: *, start: 000501, end: 230501
2026-08-06 15:51:41.463 [scheduling-1] INFO  AnalyzeScheduler - [[[주기 분석 실행 결정]]] - serverId: ddfep01-해외시세, file: null, 간격: 1분, 947번째 실행, day: *, start: 000501, end: 230501
2026-08-06 15:51:41.463 [scheduling-1] INFO  AnalyzeScheduler - [[[주기 분석 실행 결정]]] - serverId: dcoodb01-주문체결, file: null, 간격: 2분, 474번째 실행, day: 1-5, start: 000501, end: 230501
2026-08-06 15:51:41.473 [analyze-async-3] INFO  AnalyzeService - 분석 이력 등록 - historyId: 14466, serverId: pamoap01-자동주문, date: 20260806
2026-08-06 15:51:41.473 [analyze-async-2] INFO  AnalyzeService - 분석 이력 등록 - historyId: 14469, serverId: pjpsap01-주파수클럽, date: 20260806
2026-08-06 15:51:41.473 [analyze-async-1] INFO  AnalyzeService - 분석 이력 등록 - historyId: 14467, serverId: pqgetap1-시세포착1, date: 20260806
2026-08-06 15:51:41.473 [analyze-async-4] INFO  AnalyzeService - 분석 이력 등록 - historyId: 14468, serverId: pqgetap2-시세포착2, date: 20260806
2026-08-06 15:51:41.473 [analyze-async-5] INFO  AnalyzeService - 분석 이력 등록 - historyId: 14465, serverId: dlprem01-테스트개발, date: 20260806
2026-08-06 15:51:41.475 [analyze-async-1] INFO  AnalyzeRetryService - 분석 완료 - 서버: pqgetap1-시세포착1, 타입: 주기, 대상일: 20260806, 총: 0건, 에러: 0건, 경고: 0건
2026-08-06 15:51:41.475 [analyze-async-4] INFO  AnalyzeRetryService - 분석 완료 - 서버: pqgetap2-시세포착2, 타입: 주기, 대상일: 20260806, 총: 0건, 에러: 0건, 경고: 0건
2026-08-06 15:51:41.475 [analyze-async-3] INFO  AnalyzeRetryService - 분석 완료 - 서버: pamoap01-자동주문, 타입: 주기, 대상일: 20260806, 총: 0건, 에러: 0건, 경고: 0건
2026-08-06 15:51:41.475 [analyze-async-2] INFO  AnalyzeRetryService - 분석 완료 - 서버: pjpsap01-주파수클럽, 타입: 주기, 대상일: 20260806, 총: 0건, 에러: 0건, 경고: 0건
2026-08-06 15:51:41.475 [analyze-async-5] INFO  AnalyzeRetryService - 분석 완료 - 서버: dlprem01-테스트개발, 타입: 주기, 대상일: 20260806, 총: 0건, 에러: 0건, 경고: 0건
2026-08-06 15:51:41.476 [analyze-async-1] INFO  AnalyzeService - 분석 이력 등록 - historyId: 14470, serverId: pmaster2-마스터, date: 20260806
2026-08-06 15:51:41.476 [analyze-async-4] INFO  AnalyzeService - 분석 이력 등록 - historyId: 14471, serverId: ddfep01-해외시세, date: 20260806
2026-08-06 15:51:41.476 [analyze-async-3] INFO  AnalyzeService - 분석 이력 등록 - historyId: 14472, serverId: dcoodb01-주문체결, date: 20260806
2026-08-06 15:51:41.477 [analyze-async-3] INFO  AnalyzeRetryService - 분석 완료 - 서버: dcoodb01-주문체결, 타입: 주기, 대상일: 20260806, 총: 0건, 에러: 0건, 경고: 0건
2026-08-06 15:51:41.477 [analyze-async-1] INFO  AnalyzeRetryService - 분석 완료 - 서버: pmaster2-마스터, 타입: 주기, 대상일: 20260806, 총: 0건, 에러: 0건, 경고: 0건
2026-08-06 15:51:41.477 [analyze-async-4] INFO  AnalyzeRetryService - 분석 완료 - 서버: ddfep01-해외시세, 타입: 주기, 대상일: 20260806, 총: 0건, 에러: 0건, 경고: 0건
2026-08-06 15:51:42.537 [Test worker] INFO  UserCountSpikeMockTest - [12/60] 2026-08-06T15:51:42.537005300 → HTS:3076, MTS:1422, TOTAL:4498
2026-08-06 15:52:41.487 [scheduling-1] INFO  AnalyzeScheduleParser - ==============================================================
2026-08-06 15:52:41.487 [scheduling-1] INFO  AnalyzeScheduleParser - ==============================================================
2026-08-06 15:52:41.487 [scheduling-1] INFO  AnalyzeScheduleParser - 분석 스케줄 파일 파싱 시작 - filePath: C:\Users\20200161\Desktop\PreCheck_work\Precheck_project\Precheck_SKSCh1\precheck_collect\analyze\schedule_sample\PreCheck_AnalyzeLogs_Schedule.conf, absolutePath: C:\Users\20200161\Desktop\PreCheck_work\Precheck_project\Precheck_SKSCh1\precheck_collect\analyze\schedule_sample\PreCheck_AnalyzeLogs_Schedule.conf
2026-08-06 15:52:41.487 [scheduling-1] INFO  AnalyzeScheduleParser - 분석 스케줄 파일 파싱 완료 - absolutePath: C:\Users\20200161\Desktop\PreCheck_work\Precheck_project\Precheck_SKSCh1\precheck_collect\analyze\schedule_sample\PreCheck_AnalyzeLogs_Schedule.conf, 유효 스케줄 건수: 8
2026-08-06 15:52:41.487 [scheduling-1] INFO  AnalyzeScheduleParser -   [1] serverId: dlprem01-테스트개발, sourceFilePath: null, type: 주기, day: *, start: 000501, interval: 1, end: 230501
2026-08-06 15:52:41.487 [scheduling-1] INFO  AnalyzeScheduleParser -   [2] serverId: pamoap01-자동주문, sourceFilePath: null, type: 주기, day: *, start: 000501, interval: 2, end: 230501
2026-08-06 15:52:41.487 [scheduling-1] INFO  AnalyzeScheduleParser -   [3] serverId: pqgetap1-시세포착1, sourceFilePath: null, type: 주기, day: *, start: 000501, interval: 1, end: 230501
2026-08-06 15:52:41.487 [scheduling-1] INFO  AnalyzeScheduleParser -   [4] serverId: pqgetap2-시세포착2, sourceFilePath: null, type: 주기, day: *, start: 000501, interval: 2, end: 230501
2026-08-06 15:52:41.487 [scheduling-1] INFO  AnalyzeScheduleParser -   [5] serverId: pjpsap01-주파수클럽, sourceFilePath: null, type: 주기, day: *, start: 000501, interval: 1, end: 230501
2026-08-06 15:52:41.487 [scheduling-1] INFO  AnalyzeScheduleParser -   [6] serverId: pmaster2-마스터, sourceFilePath: null, type: 주기, day: *, start: 000501, interval: 2, end: 230501
2026-08-06 15:52:41.487 [scheduling-1] INFO  AnalyzeScheduleParser -   [7] serverId: ddfep01-해외시세, sourceFilePath: null, type: 주기, day: *, start: 000501, interval: 1, end: 230501
2026-08-06 15:52:41.487 [scheduling-1] INFO  AnalyzeScheduleParser -   [8] serverId: dcoodb01-주문체결, sourceFilePath: null, type: 주기, day: 1-5, start: 000501, interval: 2, end: 230501
2026-08-06 15:52:41.487 [scheduling-1] INFO  AnalyzeScheduler - [[[주기 분석 실행 결정]]] - serverId: dlprem01-테스트개발, file: null, 간격: 1분, 948번째 실행, day: *, start: 000501, end: 230501
2026-08-06 15:52:41.487 [scheduling-1] INFO  AnalyzeScheduler - [[[주기 분석 실행 결정]]] - serverId: pqgetap1-시세포착1, file: null, 간격: 1분, 948번째 실행, day: *, start: 000501, end: 230501
2026-08-06 15:52:41.487 [scheduling-1] INFO  AnalyzeScheduler - [[[주기 분석 실행 결정]]] - serverId: pjpsap01-주파수클럽, file: null, 간격: 1분, 948번째 실행, day: *, start: 000501, end: 230501
2026-08-06 15:52:41.487 [scheduling-1] INFO  AnalyzeScheduler - [[[주기 분석 실행 결정]]] - serverId: ddfep01-해외시세, file: null, 간격: 1분, 948번째 실행, day: *, start: 000501, end: 230501
2026-08-06 15:52:41.497 [analyze-async-3] INFO  AnalyzeService - 분석 이력 등록 - historyId: 14474, serverId: pjpsap01-주파수클럽, date: 20260806
2026-08-06 15:52:41.498 [analyze-async-1] INFO  AnalyzeService - 분석 이력 등록 - historyId: 14476, serverId: ddfep01-해외시세, date: 20260806
2026-08-06 15:52:41.498 [analyze-async-2] INFO  AnalyzeService - 분석 이력 등록 - historyId: 14475, serverId: dlprem01-테스트개발, date: 20260806
2026-08-06 15:52:41.498 [analyze-async-5] INFO  AnalyzeService - 분석 이력 등록 - historyId: 14473, serverId: pqgetap1-시세포착1, date: 20260806
2026-08-06 15:52:41.498 [analyze-async-3] INFO  AnalyzeRetryService - 분석 완료 - 서버: pjpsap01-주파수클럽, 타입: 주기, 대상일: 20260806, 총: 0건, 에러: 0건, 경고: 0건
2026-08-06 15:52:41.498 [analyze-async-2] INFO  AnalyzeRetryService - 분석 완료 - 서버: dlprem01-테스트개발, 타입: 주기, 대상일: 20260806, 총: 0건, 에러: 0건, 경고: 0건
2026-08-06 15:52:41.498 [analyze-async-1] INFO  AnalyzeRetryService - 분석 완료 - 서버: ddfep01-해외시세, 타입: 주기, 대상일: 20260806, 총: 0건, 에러: 0건, 경고: 0건
2026-08-06 15:52:41.498 [analyze-async-5] INFO  AnalyzeRetryService - 분석 완료 - 서버: pqgetap1-시세포착1, 타입: 주기, 대상일: 20260806, 총: 0건, 에러: 0건, 경고: 0건
2026-08-06 15:52:42.552 [Test worker] INFO  UserCountSpikeMockTest - [13/60] 2026-08-06T15:52:42.550196900 → HTS:3060, MTS:598, TOTAL:3658
2026-08-06 15:53:41.503 [scheduling-1] INFO  AnalyzeScheduleParser - ==============================================================
2026-08-06 15:53:41.503 [scheduling-1] INFO  AnalyzeScheduleParser - ==============================================================
2026-08-06 15:53:41.504 [scheduling-1] INFO  AnalyzeScheduleParser - 분석 스케줄 파일 파싱 시작 - filePath: C:\Users\20200161\Desktop\PreCheck_work\Precheck_project\Precheck_SKSCh1\precheck_collect\analyze\schedule_sample\PreCheck_AnalyzeLogs_Schedule.conf, absolutePath: C:\Users\20200161\Desktop\PreCheck_work\Precheck_project\Precheck_SKSCh1\precheck_collect\analyze\schedule_sample\PreCheck_AnalyzeLogs_Schedule.conf
2026-08-06 15:53:41.506 [scheduling-1] INFO  AnalyzeScheduleParser - 분석 스케줄 파일 파싱 완료 - absolutePath: C:\Users\20200161\Desktop\PreCheck_work\Precheck_project\Precheck_SKSCh1\precheck_collect\analyze\schedule_sample\PreCheck_AnalyzeLogs_Schedule.conf, 유효 스케줄 건수: 8
2026-08-06 15:53:41.506 [scheduling-1] INFO  AnalyzeScheduleParser -   [1] serverId: dlprem01-테스트개발, sourceFilePath: null, type: 주기, day: *, start: 000501, interval: 1, end: 230501
2026-08-06 15:53:41.506 [scheduling-1] INFO  AnalyzeScheduleParser -   [2] serverId: pamoap01-자동주문, sourceFilePath: null, type: 주기, day: *, start: 000501, interval: 2, end: 230501
2026-08-06 15:53:41.506 [scheduling-1] INFO  AnalyzeScheduleParser -   [3] serverId: pqgetap1-시세포착1, sourceFilePath: null, type: 주기, day: *, start: 000501, interval: 1, end: 230501
2026-08-06 15:53:41.506 [scheduling-1] INFO  AnalyzeScheduleParser -   [4] serverId: pqgetap2-시세포착2, sourceFilePath: null, type: 주기, day: *, start: 000501, interval: 2, end: 230501
2026-08-06 15:53:41.506 [scheduling-1] INFO  AnalyzeScheduleParser -   [5] serverId: pjpsap01-주파수클럽, sourceFilePath: null, type: 주기, day: *, start: 000501, interval: 1, end: 230501
2026-08-06 15:53:41.506 [scheduling-1] INFO  AnalyzeScheduleParser -   [6] serverId: pmaster2-마스터, sourceFilePath: null, type: 주기, day: *, start: 000501, interval: 2, end: 230501
2026-08-06 15:53:41.507 [scheduling-1] INFO  AnalyzeScheduleParser -   [7] serverId: ddfep01-해외시세, sourceFilePath: null, type: 주기, day: *, start: 000501, interval: 1, end: 230501
2026-08-06 15:53:41.507 [scheduling-1] INFO  AnalyzeScheduleParser -   [8] serverId: dcoodb01-주문체결, sourceFilePath: null, type: 주기, day: 1-5, start: 000501, interval: 2, end: 230501
2026-08-06 15:53:41.507 [scheduling-1] INFO  AnalyzeScheduler - [[[주기 분석 실행 결정]]] - serverId: dlprem01-테스트개발, file: null, 간격: 1분, 949번째 실행, day: *, start: 000501, end: 230501
2026-08-06 15:53:41.507 [scheduling-1] INFO  AnalyzeScheduler - [[[주기 분석 실행 결정]]] - serverId: pamoap01-자동주문, file: null, 간격: 2분, 475번째 실행, day: *, start: 000501, end: 230501
2026-08-06 15:53:41.507 [scheduling-1] INFO  AnalyzeScheduler - [[[주기 분석 실행 결정]]] - serverId: pqgetap1-시세포착1, file: null, 간격: 1분, 949번째 실행, day: *, start: 000501, end: 230501
2026-08-06 15:53:41.508 [scheduling-1] INFO  AnalyzeScheduler - [[[주기 분석 실행 결정]]] - serverId: pqgetap2-시세포착2, file: null, 간격: 2분, 475번째 실행, day: *, start: 000501, end: 230501
2026-08-06 15:53:41.508 [scheduling-1] INFO  AnalyzeScheduler - [[[주기 분석 실행 결정]]] - serverId: pjpsap01-주파수클럽, file: null, 간격: 1분, 949번째 실행, day: *, start: 000501, end: 230501
2026-08-06 15:53:41.508 [scheduling-1] INFO  AnalyzeScheduler - [[[주기 분석 실행 결정]]] - serverId: pmaster2-마스터, file: null, 간격: 2분, 475번째 실행, day: *, start: 000501, end: 230501
2026-08-06 15:53:41.508 [scheduling-1] INFO  AnalyzeScheduler - [[[주기 분석 실행 결정]]] - serverId: ddfep01-해외시세, file: null, 간격: 1분, 949번째 실행, day: *, start: 000501, end: 230501
2026-08-06 15:53:41.508 [scheduling-1] INFO  AnalyzeScheduler - [[[주기 분석 실행 결정]]] - serverId: dcoodb01-주문체결, file: null, 간격: 2분, 475번째 실행, day: 1-5, start: 000501, end: 230501
2026-08-06 15:53:41.508 [analyze-async-3] INFO  AnalyzeService - 분석 이력 등록 - historyId: 14477, serverId: pamoap01-자동주문, date: 20260806
2026-08-06 15:53:41.508 [analyze-async-2] INFO  AnalyzeService - 분석 이력 등록 - historyId: 14479, serverId: pqgetap1-시세포착1, date: 20260806
2026-08-06 15:53:41.512 [analyze-async-4] INFO  AnalyzeService - 분석 이력 등록 - historyId: 14478, serverId: dlprem01-테스트개발, date: 20260806
2026-08-06 15:53:41.508 [analyze-async-5] INFO  AnalyzeService - 분석 이력 등록 - historyId: 14481, serverId: pjpsap01-주파수클럽, date: 20260806
2026-08-06 15:53:41.512 [analyze-async-1] INFO  AnalyzeService - 분석 이력 등록 - historyId: 14480, serverId: pqgetap2-시세포착2, date: 20260806
2026-08-06 15:53:41.514 [analyze-async-2] INFO  AnalyzeRetryService - 분석 완료 - 서버: pqgetap1-시세포착1, 타입: 주기, 대상일: 20260806, 총: 0건, 에러: 0건, 경고: 0건
2026-08-06 15:53:41.514 [analyze-async-1] INFO  AnalyzeRetryService - 분석 완료 - 서버: pqgetap2-시세포착2, 타입: 주기, 대상일: 20260806, 총: 0건, 에러: 0건, 경고: 0건
2026-08-06 15:53:41.514 [analyze-async-3] INFO  AnalyzeRetryService - 분석 완료 - 서버: pamoap01-자동주문, 타입: 주기, 대상일: 20260806, 총: 0건, 에러: 0건, 경고: 0건
2026-08-06 15:53:41.514 [analyze-async-5] INFO  AnalyzeRetryService - 분석 완료 - 서버: pjpsap01-주파수클럽, 타입: 주기, 대상일: 20260806, 총: 0건, 에러: 0건, 경고: 0건
2026-08-06 15:53:41.514 [analyze-async-4] INFO  AnalyzeRetryService - 분석 완료 - 서버: dlprem01-테스트개발, 타입: 주기, 대상일: 20260806, 총: 0건, 에러: 0건, 경고: 0건
2026-08-06 15:53:41.514 [analyze-async-2] INFO  AnalyzeService - 분석 이력 등록 - historyId: 14482, serverId: pmaster2-마스터, date: 20260806
2026-08-06 15:53:41.514 [analyze-async-3] INFO  AnalyzeService - 분석 이력 등록 - historyId: 14484, serverId: dcoodb01-주문체결, date: 20260806
2026-08-06 15:53:41.514 [analyze-async-1] INFO  AnalyzeService - 분석 이력 등록 - historyId: 14483, serverId: ddfep01-해외시세, date: 20260806
2026-08-06 15:53:41.516 [analyze-async-2] INFO  AnalyzeRetryService - 분석 완료 - 서버: pmaster2-마스터, 타입: 주기, 대상일: 20260806, 총: 0건, 에러: 0건, 경고: 0건
2026-08-06 15:53:41.516 [analyze-async-3] INFO  AnalyzeRetryService - 분석 완료 - 서버: dcoodb01-주문체결, 타입: 주기, 대상일: 20260806, 총: 0건, 에러: 0건, 경고: 0건
2026-08-06 15:53:41.516 [analyze-async-1] INFO  AnalyzeRetryService - 분석 완료 - 서버: ddfep01-해외시세, 타입: 주기, 대상일: 20260806, 총: 0건, 에러: 0건, 경고: 0건
2026-08-06 15:53:42.563 [Test worker] INFO  UserCountSpikeMockTest - [14/60] 2026-08-06T15:53:42.556042 → HTS:2962, MTS:790, TOTAL:3752
2026-08-06 15:54:41.512 [scheduling-1] INFO  AnalyzeScheduleParser - ==============================================================
2026-08-06 15:54:41.512 [scheduling-1] INFO  AnalyzeScheduleParser - ==============================================================
2026-08-06 15:54:41.512 [scheduling-1] INFO  AnalyzeScheduleParser - 분석 스케줄 파일 파싱 시작 - filePath: C:\Users\20200161\Desktop\PreCheck_work\Precheck_project\Precheck_SKSCh1\precheck_collect\analyze\schedule_sample\PreCheck_AnalyzeLogs_Schedule.conf, absolutePath: C:\Users\20200161\Desktop\PreCheck_work\Precheck_project\Precheck_SKSCh1\precheck_collect\analyze\schedule_sample\PreCheck_AnalyzeLogs_Schedule.conf
2026-08-06 15:54:41.514 [scheduling-1] INFO  AnalyzeScheduleParser - 분석 스케줄 파일 파싱 완료 - absolutePath: C:\Users\20200161\Desktop\PreCheck_work\Precheck_project\Precheck_SKSCh1\precheck_collect\analyze\schedule_sample\PreCheck_AnalyzeLogs_Schedule.conf, 유효 스케줄 건수: 8
2026-08-06 15:54:41.514 [scheduling-1] INFO  AnalyzeScheduleParser -   [1] serverId: dlprem01-테스트개발, sourceFilePath: null, type: 주기, day: *, start: 000501, interval: 1, end: 230501
2026-08-06 15:54:41.514 [scheduling-1] INFO  AnalyzeScheduleParser -   [2] serverId: pamoap01-자동주문, sourceFilePath: null, type: 주기, day: *, start: 000501, interval: 2, end: 230501
2026-08-06 15:54:41.514 [scheduling-1] INFO  AnalyzeScheduleParser -   [3] serverId: pqgetap1-시세포착1, sourceFilePath: null, type: 주기, day: *, start: 000501, interval: 1, end: 230501
2026-08-06 15:54:41.514 [scheduling-1] INFO  AnalyzeScheduleParser -   [4] serverId: pqgetap2-시세포착2, sourceFilePath: null, type: 주기, day: *, start: 000501, interval: 2, end: 230501
2026-08-06 15:54:41.514 [scheduling-1] INFO  AnalyzeScheduleParser -   [5] serverId: pjpsap01-주파수클럽, sourceFilePath: null, type: 주기, day: *, start: 000501, interval: 1, end: 230501
2026-08-06 15:54:41.514 [scheduling-1] INFO  AnalyzeScheduleParser -   [6] serverId: pmaster2-마스터, sourceFilePath: null, type: 주기, day: *, start: 000501, interval: 2, end: 230501
2026-08-06 15:54:41.514 [scheduling-1] INFO  AnalyzeScheduleParser -   [7] serverId: ddfep01-해외시세, sourceFilePath: null, type: 주기, day: *, start: 000501, interval: 1, end: 230501
2026-08-06 15:54:41.514 [scheduling-1] INFO  AnalyzeScheduleParser -   [8] serverId: dcoodb01-주문체결, sourceFilePath: null, type: 주기, day: 1-5, start: 000501, interval: 2, end: 230501
2026-08-06 15:54:41.514 [scheduling-1] INFO  AnalyzeScheduler - [[[주기 분석 실행 결정]]] - serverId: dlprem01-테스트개발, file: null, 간격: 1분, 950번째 실행, day: *, start: 000501, end: 230501
2026-08-06 15:54:41.515 [scheduling-1] INFO  AnalyzeScheduler - [[[주기 분석 실행 결정]]] - serverId: pqgetap1-시세포착1, file: null, 간격: 1분, 950번째 실행, day: *, start: 000501, end: 230501
2026-08-06 15:54:41.515 [scheduling-1] INFO  AnalyzeScheduler - [[[주기 분석 실행 결정]]] - serverId: pjpsap01-주파수클럽, file: null, 간격: 1분, 950번째 실행, day: *, start: 000501, end: 230501
2026-08-06 15:54:41.515 [scheduling-1] INFO  AnalyzeScheduler - [[[주기 분석 실행 결정]]] - serverId: ddfep01-해외시세, file: null, 간격: 1분, 950번째 실행, day: *, start: 000501, end: 230501
2026-08-06 15:54:41.518 [analyze-async-5] INFO  AnalyzeService - 분석 이력 등록 - historyId: 14486, serverId: dlprem01-테스트개발, date: 20260806
2026-08-06 15:54:41.518 [analyze-async-3] INFO  AnalyzeService - 분석 이력 등록 - historyId: 14488, serverId: ddfep01-해외시세, date: 20260806
2026-08-06 15:54:41.518 [analyze-async-4] INFO  AnalyzeService - 분석 이력 등록 - historyId: 14485, serverId: pqgetap1-시세포착1, date: 20260806
2026-08-06 15:54:41.518 [analyze-async-2] INFO  AnalyzeService - 분석 이력 등록 - historyId: 14487, serverId: pjpsap01-주파수클럽, date: 20260806
2026-08-06 15:54:41.522 [analyze-async-2] INFO  AnalyzeRetryService - 분석 완료 - 서버: pjpsap01-주파수클럽, 타입: 주기, 대상일: 20260806, 총: 0건, 에러: 0건, 경고: 0건
2026-08-06 15:54:41.522 [analyze-async-3] INFO  AnalyzeRetryService - 분석 완료 - 서버: ddfep01-해외시세, 타입: 주기, 대상일: 20260806, 총: 0건, 에러: 0건, 경고: 0건
2026-08-06 15:54:41.522 [analyze-async-4] INFO  AnalyzeRetryService - 분석 완료 - 서버: pqgetap1-시세포착1, 타입: 주기, 대상일: 20260806, 총: 0건, 에러: 0건, 경고: 0건
2026-08-06 15:54:41.522 [analyze-async-5] INFO  AnalyzeRetryService - 분석 완료 - 서버: dlprem01-테스트개발, 타입: 주기, 대상일: 20260806, 총: 0건, 에러: 0건, 경고: 0건
2026-08-06 15:54:42.570 [Test worker] INFO  UserCountSpikeMockTest - [15/60] 2026-08-06T15:54:42.566777 → HTS:3129, MTS:954, TOTAL:4083
2026-08-06 15:55:41.518 [scheduling-1] INFO  AnalyzeScheduleParser - ==============================================================
2026-08-06 15:55:41.518 [scheduling-1] INFO  AnalyzeScheduleParser - ==============================================================
2026-08-06 15:55:41.518 [scheduling-1] INFO  AnalyzeScheduleParser - 분석 스케줄 파일 파싱 시작 - filePath: C:\Users\20200161\Desktop\PreCheck_work\Precheck_project\Precheck_SKSCh1\precheck_collect\analyze\schedule_sample\PreCheck_AnalyzeLogs_Schedule.conf, absolutePath: C:\Users\20200161\Desktop\PreCheck_work\Precheck_project\Precheck_SKSCh1\precheck_collect\analyze\schedule_sample\PreCheck_AnalyzeLogs_Schedule.conf
2026-08-06 15:55:41.519 [scheduling-1] INFO  AnalyzeScheduleParser - 분석 스케줄 파일 파싱 완료 - absolutePath: C:\Users\20200161\Desktop\PreCheck_work\Precheck_project\Precheck_SKSCh1\precheck_collect\analyze\schedule_sample\PreCheck_AnalyzeLogs_Schedule.conf, 유효 스케줄 건수: 8
2026-08-06 15:55:41.519 [scheduling-1] INFO  AnalyzeScheduleParser -   [1] serverId: dlprem01-테스트개발, sourceFilePath: null, type: 주기, day: *, start: 000501, interval: 1, end: 230501
2026-08-06 15:55:41.519 [scheduling-1] INFO  AnalyzeScheduleParser -   [2] serverId: pamoap01-자동주문, sourceFilePath: null, type: 주기, day: *, start: 000501, interval: 2, end: 230501
2026-08-06 15:55:41.519 [scheduling-1] INFO  AnalyzeScheduleParser -   [3] serverId: pqgetap1-시세포착1, sourceFilePath: null, type: 주기, day: *, start: 000501, interval: 1, end: 230501
2026-08-06 15:55:41.519 [scheduling-1] INFO  AnalyzeScheduleParser -   [4] serverId: pqgetap2-시세포착2, sourceFilePath: null, type: 주기, day: *, start: 000501, interval: 2, end: 230501
2026-08-06 15:55:41.519 [scheduling-1] INFO  AnalyzeScheduleParser -   [5] serverId: pjpsap01-주파수클럽, sourceFilePath: null, type: 주기, day: *, start: 000501, interval: 1, end: 230501
2026-08-06 15:55:41.519 [scheduling-1] INFO  AnalyzeScheduleParser -   [6] serverId: pmaster2-마스터, sourceFilePath: null, type: 주기, day: *, start: 000501, interval: 2, end: 230501
2026-08-06 15:55:41.519 [scheduling-1] INFO  AnalyzeScheduleParser -   [7] serverId: ddfep01-해외시세, sourceFilePath: null, type: 주기, day: *, start: 000501, interval: 1, end: 230501
2026-08-06 15:55:41.519 [scheduling-1] INFO  AnalyzeScheduleParser -   [8] serverId: dcoodb01-주문체결, sourceFilePath: null, type: 주기, day: 1-5, start: 000501, interval: 2, end: 230501
2026-08-06 15:55:41.519 [scheduling-1] INFO  AnalyzeScheduler - [[[주기 분석 실행 결정]]] - serverId: dlprem01-테스트개발, file: null, 간격: 1분, 951번째 실행, day: *, start: 000501, end: 230501
2026-08-06 15:55:41.519 [scheduling-1] INFO  AnalyzeScheduler - [[[주기 분석 실행 결정]]] - serverId: pamoap01-자동주문, file: null, 간격: 2분, 476번째 실행, day: *, start: 000501, end: 230501
2026-08-06 15:55:41.519 [scheduling-1] INFO  AnalyzeScheduler - [[[주기 분석 실행 결정]]] - serverId: pqgetap1-시세포착1, file: null, 간격: 1분, 951번째 실행, day: *, start: 000501, end: 230501
2026-08-06 15:55:41.519 [scheduling-1] INFO  AnalyzeScheduler - [[[주기 분석 실행 결정]]] - serverId: pqgetap2-시세포착2, file: null, 간격: 2분, 476번째 실행, day: *, start: 000501, end: 230501
2026-08-06 15:55:41.519 [scheduling-1] INFO  AnalyzeScheduler - [[[주기 분석 실행 결정]]] - serverId: pjpsap01-주파수클럽, file: null, 간격: 1분, 951번째 실행, day: *, start: 000501, end: 230501
2026-08-06 15:55:41.519 [scheduling-1] INFO  AnalyzeScheduler - [[[주기 분석 실행 결정]]] - serverId: pmaster2-마스터, file: null, 간격: 2분, 476번째 실행, day: *, start: 000501, end: 230501
2026-08-06 15:55:41.519 [scheduling-1] INFO  AnalyzeScheduler - [[[주기 분석 실행 결정]]] - serverId: ddfep01-해외시세, file: null, 간격: 1분, 951번째 실행, day: *, start: 000501, end: 230501
2026-08-06 15:55:41.519 [scheduling-1] INFO  AnalyzeScheduler - [[[주기 분석 실행 결정]]] - serverId: dcoodb01-주문체결, file: null, 간격: 2분, 476번째 실행, day: 1-5, start: 000501, end: 230501
2026-08-06 15:55:41.520 [analyze-async-4] INFO  AnalyzeService - 분석 이력 등록 - historyId: 14493, serverId: pqgetap2-시세포착2, date: 20260806
2026-08-06 15:55:41.521 [analyze-async-2] INFO  AnalyzeService - 분석 이력 등록 - historyId: 14490, serverId: pamoap01-자동주문, date: 20260806
2026-08-06 15:55:41.521 [analyze-async-5] INFO  AnalyzeService - 분석 이력 등록 - historyId: 14492, serverId: pjpsap01-주파수클럽, date: 20260806
2026-08-06 15:55:41.521 [analyze-async-1] INFO  AnalyzeService - 분석 이력 등록 - historyId: 14489, serverId: dlprem01-테스트개발, date: 20260806
2026-08-06 15:55:41.521 [analyze-async-3] INFO  AnalyzeService - 분석 이력 등록 - historyId: 14491, serverId: pqgetap1-시세포착1, date: 20260806
2026-08-06 15:55:41.522 [analyze-async-4] INFO  AnalyzeRetryService - 분석 완료 - 서버: pqgetap2-시세포착2, 타입: 주기, 대상일: 20260806, 총: 0건, 에러: 0건, 경고: 0건
2026-08-06 15:55:41.523 [analyze-async-2] INFO  AnalyzeRetryService - 분석 완료 - 서버: pamoap01-자동주문, 타입: 주기, 대상일: 20260806, 총: 0건, 에러: 0건, 경고: 0건
2026-08-06 15:55:41.523 [analyze-async-3] INFO  AnalyzeRetryService - 분석 완료 - 서버: pqgetap1-시세포착1, 타입: 주기, 대상일: 20260806, 총: 0건, 에러: 0건, 경고: 0건
2026-08-06 15:55:41.523 [analyze-async-1] INFO  AnalyzeRetryService - 분석 완료 - 서버: dlprem01-테스트개발, 타입: 주기, 대상일: 20260806, 총: 0건, 에러: 0건, 경고: 0건
2026-08-06 15:55:41.523 [analyze-async-5] INFO  AnalyzeRetryService - 분석 완료 - 서버: pjpsap01-주파수클럽, 타입: 주기, 대상일: 20260806, 총: 0건, 에러: 0건, 경고: 0건
2026-08-06 15:55:41.523 [analyze-async-4] INFO  AnalyzeService - 분석 이력 등록 - historyId: 14494, serverId: pmaster2-마스터, date: 20260806
2026-08-06 15:55:41.523 [analyze-async-2] INFO  AnalyzeService - 분석 이력 등록 - historyId: 14495, serverId: ddfep01-해외시세, date: 20260806
2026-08-06 15:55:41.524 [analyze-async-3] INFO  AnalyzeService - 분석 이력 등록 - historyId: 14496, serverId: dcoodb01-주문체결, date: 20260806
2026-08-06 15:55:41.525 [analyze-async-4] INFO  AnalyzeRetryService - 분석 완료 - 서버: pmaster2-마스터, 타입: 주기, 대상일: 20260806, 총: 0건, 에러: 0건, 경고: 0건
2026-08-06 15:55:41.525 [analyze-async-2] INFO  AnalyzeRetryService - 분석 완료 - 서버: ddfep01-해외시세, 타입: 주기, 대상일: 20260806, 총: 0건, 에러: 0건, 경고: 0건
2026-08-06 15:55:41.525 [analyze-async-3] INFO  AnalyzeRetryService - 분석 완료 - 서버: dcoodb01-주문체결, 타입: 주기, 대상일: 20260806, 총: 0건, 에러: 0건, 경고: 0건
2026-08-06 15:55:42.576 [Test worker] INFO  UserCountSpikeMockTest - [16/60] 2026-08-06T15:55:42.572659200 → HTS:3276, MTS:836, TOTAL:4112
2026-08-06 15:56:41.522 [scheduling-1] INFO  AnalyzeScheduleParser - ==============================================================
2026-08-06 15:56:41.522 [scheduling-1] INFO  AnalyzeScheduleParser - ==============================================================
2026-08-06 15:56:41.522 [scheduling-1] INFO  AnalyzeScheduleParser - 분석 스케줄 파일 파싱 시작 - filePath: C:\Users\20200161\Desktop\PreCheck_work\Precheck_project\Precheck_SKSCh1\precheck_collect\analyze\schedule_sample\PreCheck_AnalyzeLogs_Schedule.conf, absolutePath: C:\Users\20200161\Desktop\PreCheck_work\Precheck_project\Precheck_SKSCh1\precheck_collect\analyze\schedule_sample\PreCheck_AnalyzeLogs_Schedule.conf
2026-08-06 15:56:41.522 [scheduling-1] INFO  AnalyzeScheduleParser - 분석 스케줄 파일 파싱 완료 - absolutePath: C:\Users\20200161\Desktop\PreCheck_work\Precheck_project\Precheck_SKSCh1\precheck_collect\analyze\schedule_sample\PreCheck_AnalyzeLogs_Schedule.conf, 유효 스케줄 건수: 8
2026-08-06 15:56:41.522 [scheduling-1] INFO  AnalyzeScheduleParser -   [1] serverId: dlprem01-테스트개발, sourceFilePath: null, type: 주기, day: *, start: 000501, interval: 1, end: 230501
2026-08-06 15:56:41.522 [scheduling-1] INFO  AnalyzeScheduleParser -   [2] serverId: pamoap01-자동주문, sourceFilePath: null, type: 주기, day: *, start: 000501, interval: 2, end: 230501
2026-08-06 15:56:41.522 [scheduling-1] INFO  AnalyzeScheduleParser -   [3] serverId: pqgetap1-시세포착1, sourceFilePath: null, type: 주기, day: *, start: 000501, interval: 1, end: 230501
2026-08-06 15:56:41.522 [scheduling-1] INFO  AnalyzeScheduleParser -   [4] serverId: pqgetap2-시세포착2, sourceFilePath: null, type: 주기, day: *, start: 000501, interval: 2, end: 230501
2026-08-06 15:56:41.522 [scheduling-1] INFO  AnalyzeScheduleParser -   [5] serverId: pjpsap01-주파수클럽, sourceFilePath: null, type: 주기, day: *, start: 000501, interval: 1, end: 230501
2026-08-06 15:56:41.522 [scheduling-1] INFO  AnalyzeScheduleParser -   [6] serverId: pmaster2-마스터, sourceFilePath: null, type: 주기, day: *, start: 000501, interval: 2, end: 230501
2026-08-06 15:56:41.522 [scheduling-1] INFO  AnalyzeScheduleParser -   [7] serverId: ddfep01-해외시세, sourceFilePath: null, type: 주기, day: *, start: 000501, interval: 1, end: 230501
2026-08-06 15:56:41.522 [scheduling-1] INFO  AnalyzeScheduleParser -   [8] serverId: dcoodb01-주문체결, sourceFilePath: null, type: 주기, day: 1-5, start: 000501, interval: 2, end: 230501
2026-08-06 15:56:41.522 [scheduling-1] INFO  AnalyzeScheduler - [[[주기 분석 실행 결정]]] - serverId: dlprem01-테스트개발, file: null, 간격: 1분, 952번째 실행, day: *, start: 000501, end: 230501
2026-08-06 15:56:41.522 [scheduling-1] INFO  AnalyzeScheduler - [[[주기 분석 실행 결정]]] - serverId: pqgetap1-시세포착1, file: null, 간격: 1분, 952번째 실행, day: *, start: 000501, end: 230501
2026-08-06 15:56:41.522 [scheduling-1] INFO  AnalyzeScheduler - [[[주기 분석 실행 결정]]] - serverId: pjpsap01-주파수클럽, file: null, 간격: 1분, 952번째 실행, day: *, start: 000501, end: 230501
2026-08-06 15:56:41.522 [scheduling-1] INFO  AnalyzeScheduler - [[[주기 분석 실행 결정]]] - serverId: ddfep01-해외시세, file: null, 간격: 1분, 952번째 실행, day: *, start: 000501, end: 230501
2026-08-06 15:56:41.526 [analyze-async-1] INFO  AnalyzeService - 분석 이력 등록 - historyId: 14498, serverId: dlprem01-테스트개발, date: 20260806
2026-08-06 15:56:41.526 [analyze-async-5] INFO  AnalyzeService - 분석 이력 등록 - historyId: 14497, serverId: pqgetap1-시세포착1, date: 20260806
2026-08-06 15:56:41.526 [analyze-async-4] INFO  AnalyzeService - 분석 이력 등록 - historyId: 14499, serverId: pjpsap01-주파수클럽, date: 20260806
2026-08-06 15:56:41.526 [analyze-async-2] INFO  AnalyzeService - 분석 이력 등록 - historyId: 14500, serverId: ddfep01-해외시세, date: 20260806
2026-08-06 15:56:41.527 [analyze-async-1] INFO  AnalyzeRetryService - 분석 완료 - 서버: dlprem01-테스트개발, 타입: 주기, 대상일: 20260806, 총: 0건, 에러: 0건, 경고: 0건
2026-08-06 15:56:41.527 [analyze-async-5] INFO  AnalyzeRetryService - 분석 완료 - 서버: pqgetap1-시세포착1, 타입: 주기, 대상일: 20260806, 총: 0건, 에러: 0건, 경고: 0건
2026-08-06 15:56:41.528 [analyze-async-4] INFO  AnalyzeRetryService - 분석 완료 - 서버: pjpsap01-주파수클럽, 타입: 주기, 대상일: 20260806, 총: 0건, 에러: 0건, 경고: 0건
2026-08-06 15:56:41.528 [analyze-async-2] INFO  AnalyzeRetryService - 분석 완료 - 서버: ddfep01-해외시세, 타입: 주기, 대상일: 20260806, 총: 0건, 에러: 0건, 경고: 0건
2026-08-06 15:56:42.596 [Test worker] INFO  UserCountSpikeMockTest - [17/60] 2026-08-06T15:56:42.593632400 → HTS:3169, MTS:826, TOTAL:3995
2026-08-06 15:57:41.528 [scheduling-1] INFO  AnalyzeScheduleParser - ==============================================================
2026-08-06 15:57:41.528 [scheduling-1] INFO  AnalyzeScheduleParser - ==============================================================
2026-08-06 15:57:41.528 [scheduling-1] INFO  AnalyzeScheduleParser - 분석 스케줄 파일 파싱 시작 - filePath: C:\Users\20200161\Desktop\PreCheck_work\Precheck_project\Precheck_SKSCh1\precheck_collect\analyze\schedule_sample\PreCheck_AnalyzeLogs_Schedule.conf, absolutePath: C:\Users\20200161\Desktop\PreCheck_work\Precheck_project\Precheck_SKSCh1\precheck_collect\analyze\schedule_sample\PreCheck_AnalyzeLogs_Schedule.conf
2026-08-06 15:57:41.528 [scheduling-1] INFO  AnalyzeScheduleParser - 분석 스케줄 파일 파싱 완료 - absolutePath: C:\Users\20200161\Desktop\PreCheck_work\Precheck_project\Precheck_SKSCh1\precheck_collect\analyze\schedule_sample\PreCheck_AnalyzeLogs_Schedule.conf, 유효 스케줄 건수: 8
2026-08-06 15:57:41.528 [scheduling-1] INFO  AnalyzeScheduleParser -   [1] serverId: dlprem01-테스트개발, sourceFilePath: null, type: 주기, day: *, start: 000501, interval: 1, end: 230501
2026-08-06 15:57:41.528 [scheduling-1] INFO  AnalyzeScheduleParser -   [2] serverId: pamoap01-자동주문, sourceFilePath: null, type: 주기, day: *, start: 000501, interval: 2, end: 230501
2026-08-06 15:57:41.528 [scheduling-1] INFO  AnalyzeScheduleParser -   [3] serverId: pqgetap1-시세포착1, sourceFilePath: null, type: 주기, day: *, start: 000501, interval: 1, end: 230501
2026-08-06 15:57:41.528 [scheduling-1] INFO  AnalyzeScheduleParser -   [4] serverId: pqgetap2-시세포착2, sourceFilePath: null, type: 주기, day: *, start: 000501, interval: 2, end: 230501
2026-08-06 15:57:41.528 [scheduling-1] INFO  AnalyzeScheduleParser -   [5] serverId: pjpsap01-주파수클럽, sourceFilePath: null, type: 주기, day: *, start: 000501, interval: 1, end: 230501
2026-08-06 15:57:41.528 [scheduling-1] INFO  AnalyzeScheduleParser -   [6] serverId: pmaster2-마스터, sourceFilePath: null, type: 주기, day: *, start: 000501, interval: 2, end: 230501
2026-08-06 15:57:41.528 [scheduling-1] INFO  AnalyzeScheduleParser -   [7] serverId: ddfep01-해외시세, sourceFilePath: null, type: 주기, day: *, start: 000501, interval: 1, end: 230501
2026-08-06 15:57:41.528 [scheduling-1] INFO  AnalyzeScheduleParser -   [8] serverId: dcoodb01-주문체결, sourceFilePath: null, type: 주기, day: 1-5, start: 000501, interval: 2, end: 230501
2026-08-06 15:57:41.528 [scheduling-1] INFO  AnalyzeScheduler - [[[주기 분석 실행 결정]]] - serverId: dlprem01-테스트개발, file: null, 간격: 1분, 953번째 실행, day: *, start: 000501, end: 230501
2026-08-06 15:57:41.528 [scheduling-1] INFO  AnalyzeScheduler - [[[주기 분석 실행 결정]]] - serverId: pamoap01-자동주문, file: null, 간격: 2분, 477번째 실행, day: *, start: 000501, end: 230501
2026-08-06 15:57:41.528 [scheduling-1] INFO  AnalyzeScheduler - [[[주기 분석 실행 결정]]] - serverId: pqgetap1-시세포착1, file: null, 간격: 1분, 953번째 실행, day: *, start: 000501, end: 230501
2026-08-06 15:57:41.528 [scheduling-1] INFO  AnalyzeScheduler - [[[주기 분석 실행 결정]]] - serverId: pqgetap2-시세포착2, file: null, 간격: 2분, 477번째 실행, day: *, start: 000501, end: 230501
2026-08-06 15:57:41.528 [scheduling-1] INFO  AnalyzeScheduler - [[[주기 분석 실행 결정]]] - serverId: pjpsap01-주파수클럽, file: null, 간격: 1분, 953번째 실행, day: *, start: 000501, end: 230501
2026-08-06 15:57:41.528 [scheduling-1] INFO  AnalyzeScheduler - [[[주기 분석 실행 결정]]] - serverId: pmaster2-마스터, file: null, 간격: 2분, 477번째 실행, day: *, start: 000501, end: 230501
2026-08-06 15:57:41.528 [scheduling-1] INFO  AnalyzeScheduler - [[[주기 분석 실행 결정]]] - serverId: ddfep01-해외시세, file: null, 간격: 1분, 953번째 실행, day: *, start: 000501, end: 230501
2026-08-06 15:57:41.528 [scheduling-1] INFO  AnalyzeScheduler - [[[주기 분석 실행 결정]]] - serverId: dcoodb01-주문체결, file: null, 간격: 2분, 477번째 실행, day: 1-5, start: 000501, end: 230501
2026-08-06 15:57:41.528 [analyze-async-4] INFO  AnalyzeService - 분석 이력 등록 - historyId: 14502, serverId: pqgetap2-시세포착2, date: 20260806
2026-08-06 15:57:41.528 [analyze-async-1] INFO  AnalyzeService - 분석 이력 등록 - historyId: 14503, serverId: pamoap01-자동주문, date: 20260806
2026-08-06 15:57:41.528 [analyze-async-3] INFO  AnalyzeService - 분석 이력 등록 - historyId: 14501, serverId: dlprem01-테스트개발, date: 20260806
2026-08-06 15:57:41.528 [analyze-async-5] INFO  AnalyzeService - 분석 이력 등록 - historyId: 14504, serverId: pqgetap1-시세포착1, date: 20260806
2026-08-06 15:57:41.528 [analyze-async-2] INFO  AnalyzeService - 분석 이력 등록 - historyId: 14505, serverId: pjpsap01-주파수클럽, date: 20260806
2026-08-06 15:57:41.530 [analyze-async-2] INFO  AnalyzeRetryService - 분석 완료 - 서버: pjpsap01-주파수클럽, 타입: 주기, 대상일: 20260806, 총: 0건, 에러: 0건, 경고: 0건
2026-08-06 15:57:41.530 [analyze-async-1] INFO  AnalyzeRetryService - 분석 완료 - 서버: pamoap01-자동주문, 타입: 주기, 대상일: 20260806, 총: 0건, 에러: 0건, 경고: 0건
2026-08-06 15:57:41.530 [analyze-async-5] INFO  AnalyzeRetryService - 분석 완료 - 서버: pqgetap1-시세포착1, 타입: 주기, 대상일: 20260806, 총: 0건, 에러: 0건, 경고: 0건
2026-08-06 15:57:41.530 [analyze-async-4] INFO  AnalyzeRetryService - 분석 완료 - 서버: pqgetap2-시세포착2, 타입: 주기, 대상일: 20260806, 총: 0건, 에러: 0건, 경고: 0건
2026-08-06 15:57:41.530 [analyze-async-3] INFO  AnalyzeRetryService - 분석 완료 - 서버: dlprem01-테스트개발, 타입: 주기, 대상일: 20260806, 총: 0건, 에러: 0건, 경고: 0건
2026-08-06 15:57:41.530 [analyze-async-1] INFO  AnalyzeService - 분석 이력 등록 - historyId: 14506, serverId: ddfep01-해외시세, date: 20260806
2026-08-06 15:57:41.530 [analyze-async-2] INFO  AnalyzeService - 분석 이력 등록 - historyId: 14507, serverId: pmaster2-마스터, date: 20260806
2026-08-06 15:57:41.530 [analyze-async-5] INFO  AnalyzeService - 분석 이력 등록 - historyId: 14508, serverId: dcoodb01-주문체결, date: 20260806
2026-08-06 15:57:41.530 [analyze-async-1] INFO  AnalyzeRetryService - 분석 완료 - 서버: ddfep01-해외시세, 타입: 주기, 대상일: 20260806, 총: 0건, 에러: 0건, 경고: 0건
2026-08-06 15:57:41.530 [analyze-async-2] INFO  AnalyzeRetryService - 분석 완료 - 서버: pmaster2-마스터, 타입: 주기, 대상일: 20260806, 총: 0건, 에러: 0건, 경고: 0건
2026-08-06 15:57:41.530 [analyze-async-5] INFO  AnalyzeRetryService - 분석 완료 - 서버: dcoodb01-주문체결, 타입: 주기, 대상일: 20260806, 총: 0건, 에러: 0건, 경고: 0건
2026-08-06 15:57:42.604 [Test worker] INFO  UserCountSpikeMockTest - [18/60] 2026-08-06T15:57:42.600679500 → HTS:3369, MTS:1105, TOTAL:4474
2026-08-06 15:58:41.535 [scheduling-1] INFO  AnalyzeScheduleParser - ==============================================================
2026-08-06 15:58:41.535 [scheduling-1] INFO  AnalyzeScheduleParser - ==============================================================
2026-08-06 15:58:41.535 [scheduling-1] INFO  AnalyzeScheduleParser - 분석 스케줄 파일 파싱 시작 - filePath: C:\Users\20200161\Desktop\PreCheck_work\Precheck_project\Precheck_SKSCh1\precheck_collect\analyze\schedule_sample\PreCheck_AnalyzeLogs_Schedule.conf, absolutePath: C:\Users\20200161\Desktop\PreCheck_work\Precheck_project\Precheck_SKSCh1\precheck_collect\analyze\schedule_sample\PreCheck_AnalyzeLogs_Schedule.conf
2026-08-06 15:58:41.535 [scheduling-1] INFO  AnalyzeScheduleParser - 분석 스케줄 파일 파싱 완료 - absolutePath: C:\Users\20200161\Desktop\PreCheck_work\Precheck_project\Precheck_SKSCh1\precheck_collect\analyze\schedule_sample\PreCheck_AnalyzeLogs_Schedule.conf, 유효 스케줄 건수: 8
2026-08-06 15:58:41.535 [scheduling-1] INFO  AnalyzeScheduleParser -   [1] serverId: dlprem01-테스트개발, sourceFilePath: null, type: 주기, day: *, start: 000501, interval: 1, end: 230501
2026-08-06 15:58:41.535 [scheduling-1] INFO  AnalyzeScheduleParser -   [2] serverId: pamoap01-자동주문, sourceFilePath: null, type: 주기, day: *, start: 000501, interval: 2, end: 230501
2026-08-06 15:58:41.535 [scheduling-1] INFO  AnalyzeScheduleParser -   [3] serverId: pqgetap1-시세포착1, sourceFilePath: null, type: 주기, day: *, start: 000501, interval: 1, end: 230501
2026-08-06 15:58:41.535 [scheduling-1] INFO  AnalyzeScheduleParser -   [4] serverId: pqgetap2-시세포착2, sourceFilePath: null, type: 주기, day: *, start: 000501, interval: 2, end: 230501
2026-08-06 15:58:41.535 [scheduling-1] INFO  AnalyzeScheduleParser -   [5] serverId: pjpsap01-주파수클럽, sourceFilePath: null, type: 주기, day: *, start: 000501, interval: 1, end: 230501
2026-08-06 15:58:41.535 [scheduling-1] INFO  AnalyzeScheduleParser -   [6] serverId: pmaster2-마스터, sourceFilePath: null, type: 주기, day: *, start: 000501, interval: 2, end: 230501
2026-08-06 15:58:41.535 [scheduling-1] INFO  AnalyzeScheduleParser -   [7] serverId: ddfep01-해외시세, sourceFilePath: null, type: 주기, day: *, start: 000501, interval: 1, end: 230501
2026-08-06 15:58:41.535 [scheduling-1] INFO  AnalyzeScheduleParser -   [8] serverId: dcoodb01-주문체결, sourceFilePath: null, type: 주기, day: 1-5, start: 000501, interval: 2, end: 230501
2026-08-06 15:58:41.535 [scheduling-1] INFO  AnalyzeScheduler - [[[주기 분석 실행 결정]]] - serverId: dlprem01-테스트개발, file: null, 간격: 1분, 954번째 실행, day: *, start: 000501, end: 230501
2026-08-06 15:58:41.535 [scheduling-1] INFO  AnalyzeScheduler - [[[주기 분석 실행 결정]]] - serverId: pqgetap1-시세포착1, file: null, 간격: 1분, 954번째 실행, day: *, start: 000501, end: 230501
2026-08-06 15:58:41.535 [scheduling-1] INFO  AnalyzeScheduler - [[[주기 분석 실행 결정]]] - serverId: pjpsap01-주파수클럽, file: null, 간격: 1분, 954번째 실행, day: *, start: 000501, end: 230501
2026-08-06 15:58:41.535 [scheduling-1] INFO  AnalyzeScheduler - [[[주기 분석 실행 결정]]] - serverId: ddfep01-해외시세, file: null, 간격: 1분, 954번째 실행, day: *, start: 000501, end: 230501
2026-08-06 15:58:41.535 [analyze-async-4] INFO  AnalyzeService - 분석 이력 등록 - historyId: 14509, serverId: dlprem01-테스트개발, date: 20260806
2026-08-06 15:58:41.535 [analyze-async-1] INFO  AnalyzeService - 분석 이력 등록 - historyId: 14512, serverId: pjpsap01-주파수클럽, date: 20260806
2026-08-06 15:58:41.535 [analyze-async-2] INFO  AnalyzeService - 분석 이력 등록 - historyId: 14511, serverId: ddfep01-해외시세, date: 20260806
2026-08-06 15:58:41.542 [analyze-async-3] INFO  AnalyzeService - 분석 이력 등록 - historyId: 14510, serverId: pqgetap1-시세포착1, date: 20260806
2026-08-06 15:58:41.542 [analyze-async-4] INFO  AnalyzeRetryService - 분석 완료 - 서버: dlprem01-테스트개발, 타입: 주기, 대상일: 20260806, 총: 0건, 에러: 0건, 경고: 0건
2026-08-06 15:58:41.542 [analyze-async-1] INFO  AnalyzeRetryService - 분석 완료 - 서버: pjpsap01-주파수클럽, 타입: 주기, 대상일: 20260806, 총: 0건, 에러: 0건, 경고: 0건
2026-08-06 15:58:41.542 [analyze-async-2] INFO  AnalyzeRetryService - 분석 완료 - 서버: ddfep01-해외시세, 타입: 주기, 대상일: 20260806, 총: 0건, 에러: 0건, 경고: 0건
2026-08-06 15:58:41.546 [analyze-async-3] INFO  AnalyzeRetryService - 분석 완료 - 서버: pqgetap1-시세포착1, 타입: 주기, 대상일: 20260806, 총: 0건, 에러: 0건, 경고: 0건
2026-08-06 15:58:42.616 [Test worker] INFO  UserCountSpikeMockTest - [19/60] 2026-08-06T15:58:42.608173100 → HTS:3236, MTS:1110, TOTAL:4346
2026-08-06 15:59:41.540 [scheduling-1] INFO  AnalyzeScheduleParser - ==============================================================
2026-08-06 15:59:41.540 [scheduling-1] INFO  AnalyzeScheduleParser - ==============================================================
2026-08-06 15:59:41.540 [scheduling-1] INFO  AnalyzeScheduleParser - 분석 스케줄 파일 파싱 시작 - filePath: C:\Users\20200161\Desktop\PreCheck_work\Precheck_project\Precheck_SKSCh1\precheck_collect\analyze\schedule_sample\PreCheck_AnalyzeLogs_Schedule.conf, absolutePath: C:\Users\20200161\Desktop\PreCheck_work\Precheck_project\Precheck_SKSCh1\precheck_collect\analyze\schedule_sample\PreCheck_AnalyzeLogs_Schedule.conf
2026-08-06 15:59:41.541 [scheduling-1] INFO  AnalyzeScheduleParser - 분석 스케줄 파일 파싱 완료 - absolutePath: C:\Users\20200161\Desktop\PreCheck_work\Precheck_project\Precheck_SKSCh1\precheck_collect\analyze\schedule_sample\PreCheck_AnalyzeLogs_Schedule.conf, 유효 스케줄 건수: 8
2026-08-06 15:59:41.542 [scheduling-1] INFO  AnalyzeScheduleParser -   [1] serverId: dlprem01-테스트개발, sourceFilePath: null, type: 주기, day: *, start: 000501, interval: 1, end: 230501
2026-08-06 15:59:41.542 [scheduling-1] INFO  AnalyzeScheduleParser -   [2] serverId: pamoap01-자동주문, sourceFilePath: null, type: 주기, day: *, start: 000501, interval: 2, end: 230501
2026-08-06 15:59:41.542 [scheduling-1] INFO  AnalyzeScheduleParser -   [3] serverId: pqgetap1-시세포착1, sourceFilePath: null, type: 주기, day: *, start: 000501, interval: 1, end: 230501
2026-08-06 15:59:41.542 [scheduling-1] INFO  AnalyzeScheduleParser -   [4] serverId: pqgetap2-시세포착2, sourceFilePath: null, type: 주기, day: *, start: 000501, interval: 2, end: 230501
2026-08-06 15:59:41.542 [scheduling-1] INFO  AnalyzeScheduleParser -   [5] serverId: pjpsap01-주파수클럽, sourceFilePath: null, type: 주기, day: *, start: 000501, interval: 1, end: 230501
2026-08-06 15:59:41.542 [scheduling-1] INFO  AnalyzeScheduleParser -   [6] serverId: pmaster2-마스터, sourceFilePath: null, type: 주기, day: *, start: 000501, interval: 2, end: 230501
2026-08-06 15:59:41.542 [scheduling-1] INFO  AnalyzeScheduleParser -   [7] serverId: ddfep01-해외시세, sourceFilePath: null, type: 주기, day: *, start: 000501, interval: 1, end: 230501
2026-08-06 15:59:41.542 [scheduling-1] INFO  AnalyzeScheduleParser -   [8] serverId: dcoodb01-주문체결, sourceFilePath: null, type: 주기, day: 1-5, start: 000501, interval: 2, end: 230501
2026-08-06 15:59:41.543 [scheduling-1] INFO  AnalyzeScheduler - [[[주기 분석 실행 결정]]] - serverId: dlprem01-테스트개발, file: null, 간격: 1분, 955번째 실행, day: *, start: 000501, end: 230501
2026-08-06 15:59:41.543 [scheduling-1] INFO  AnalyzeScheduler - [[[주기 분석 실행 결정]]] - serverId: pamoap01-자동주문, file: null, 간격: 2분, 478번째 실행, day: *, start: 000501, end: 230501
2026-08-06 15:59:41.543 [scheduling-1] INFO  AnalyzeScheduler - [[[주기 분석 실행 결정]]] - serverId: pqgetap1-시세포착1, file: null, 간격: 1분, 955번째 실행, day: *, start: 000501, end: 230501
2026-08-06 15:59:41.543 [scheduling-1] INFO  AnalyzeScheduler - [[[주기 분석 실행 결정]]] - serverId: pqgetap2-시세포착2, file: null, 간격: 2분, 478번째 실행, day: *, start: 000501, end: 230501
2026-08-06 15:59:41.543 [scheduling-1] INFO  AnalyzeScheduler - [[[주기 분석 실행 결정]]] - serverId: pjpsap01-주파수클럽, file: null, 간격: 1분, 955번째 실행, day: *, start: 000501, end: 230501
2026-08-06 15:59:41.543 [scheduling-1] INFO  AnalyzeScheduler - [[[주기 분석 실행 결정]]] - serverId: pmaster2-마스터, file: null, 간격: 2분, 478번째 실행, day: *, start: 000501, end: 230501
2026-08-06 15:59:41.544 [scheduling-1] INFO  AnalyzeScheduler - [[[주기 분석 실행 결정]]] - serverId: ddfep01-해외시세, file: null, 간격: 1분, 955번째 실행, day: *, start: 000501, end: 230501
2026-08-06 15:59:41.544 [scheduling-1] INFO  AnalyzeScheduler - [[[주기 분석 실행 결정]]] - serverId: dcoodb01-주문체결, file: null, 간격: 2분, 478번째 실행, day: 1-5, start: 000501, end: 230501
2026-08-06 15:59:41.546 [analyze-async-3] INFO  AnalyzeService - 분석 이력 등록 - historyId: 14515, serverId: pjpsap01-주파수클럽, date: 20260806
2026-08-06 15:59:41.546 [analyze-async-2] INFO  AnalyzeService - 분석 이력 등록 - historyId: 14516, serverId: pqgetap2-시세포착2, date: 20260806
2026-08-06 15:59:41.546 [analyze-async-4] INFO  AnalyzeService - 분석 이력 등록 - historyId: 14513, serverId: pamoap01-자동주문, date: 20260806
2026-08-06 15:59:41.547 [analyze-async-1] INFO  AnalyzeService - 분석 이력 등록 - historyId: 14517, serverId: pqgetap1-시세포착1, date: 20260806
2026-08-06 15:59:41.547 [analyze-async-5] INFO  AnalyzeService - 분석 이력 등록 - historyId: 14514, serverId: dlprem01-테스트개발, date: 20260806
2026-08-06 15:59:41.549 [analyze-async-3] INFO  AnalyzeRetryService - 분석 완료 - 서버: pjpsap01-주파수클럽, 타입: 주기, 대상일: 20260806, 총: 0건, 에러: 0건, 경고: 0건
2026-08-06 15:59:41.549 [analyze-async-4] INFO  AnalyzeRetryService - 분석 완료 - 서버: pamoap01-자동주문, 타입: 주기, 대상일: 20260806, 총: 0건, 에러: 0건, 경고: 0건
2026-08-06 15:59:41.549 [analyze-async-2] INFO  AnalyzeRetryService - 분석 완료 - 서버: pqgetap2-시세포착2, 타입: 주기, 대상일: 20260806, 총: 0건, 에러: 0건, 경고: 0건
2026-08-06 15:59:41.549 [analyze-async-1] INFO  AnalyzeRetryService - 분석 완료 - 서버: pqgetap1-시세포착1, 타입: 주기, 대상일: 20260806, 총: 0건, 에러: 0건, 경고: 0건
2026-08-06 15:59:41.549 [analyze-async-5] INFO  AnalyzeRetryService - 분석 완료 - 서버: dlprem01-테스트개발, 타입: 주기, 대상일: 20260806, 총: 0건, 에러: 0건, 경고: 0건
2026-08-06 15:59:41.549 [analyze-async-3] INFO  AnalyzeService - 분석 이력 등록 - historyId: 14518, serverId: pmaster2-마스터, date: 20260806
2026-08-06 15:59:41.550 [analyze-async-4] INFO  AnalyzeService - 분석 이력 등록 - historyId: 14519, serverId: ddfep01-해외시세, date: 20260806
2026-08-06 15:59:41.550 [analyze-async-2] INFO  AnalyzeService - 분석 이력 등록 - historyId: 14520, serverId: dcoodb01-주문체결, date: 20260806
2026-08-06 15:59:41.551 [analyze-async-3] INFO  AnalyzeRetryService - 분석 완료 - 서버: pmaster2-마스터, 타입: 주기, 대상일: 20260806, 총: 0건, 에러: 0건, 경고: 0건
2026-08-06 15:59:41.551 [analyze-async-4] INFO  AnalyzeRetryService - 분석 완료 - 서버: ddfep01-해외시세, 타입: 주기, 대상일: 20260806, 총: 0건, 에러: 0건, 경고: 0건
2026-08-06 15:59:41.551 [analyze-async-2] INFO  AnalyzeRetryService - 분석 완료 - 서버: dcoodb01-주문체결, 타입: 주기, 대상일: 20260806, 총: 0건, 에러: 0건, 경고: 0건
2026-08-06 15:59:42.619 [Test worker] INFO  UserCountSpikeMockTest - [20/60] 2026-08-06T15:59:42.617554600 → HTS:3601, MTS:762, TOTAL:4363
2026-08-06 16:00:41.547 [scheduling-1] INFO  AnalyzeScheduleParser - ==============================================================
2026-08-06 16:00:41.547 [scheduling-1] INFO  AnalyzeScheduleParser - ==============================================================
2026-08-06 16:00:41.547 [scheduling-1] INFO  AnalyzeScheduleParser - 분석 스케줄 파일 파싱 시작 - filePath: C:\Users\20200161\Desktop\PreCheck_work\Precheck_project\Precheck_SKSCh1\precheck_collect\analyze\schedule_sample\PreCheck_AnalyzeLogs_Schedule.conf, absolutePath: C:\Users\20200161\Desktop\PreCheck_work\Precheck_project\Precheck_SKSCh1\precheck_collect\analyze\schedule_sample\PreCheck_AnalyzeLogs_Schedule.conf
2026-08-06 16:00:41.547 [scheduling-1] INFO  AnalyzeScheduleParser - 분석 스케줄 파일 파싱 완료 - absolutePath: C:\Users\20200161\Desktop\PreCheck_work\Precheck_project\Precheck_SKSCh1\precheck_collect\analyze\schedule_sample\PreCheck_AnalyzeLogs_Schedule.conf, 유효 스케줄 건수: 8
2026-08-06 16:00:41.547 [scheduling-1] INFO  AnalyzeScheduleParser -   [1] serverId: dlprem01-테스트개발, sourceFilePath: null, type: 주기, day: *, start: 000501, interval: 1, end: 230501
2026-08-06 16:00:41.547 [scheduling-1] INFO  AnalyzeScheduleParser -   [2] serverId: pamoap01-자동주문, sourceFilePath: null, type: 주기, day: *, start: 000501, interval: 2, end: 230501
2026-08-06 16:00:41.547 [scheduling-1] INFO  AnalyzeScheduleParser -   [3] serverId: pqgetap1-시세포착1, sourceFilePath: null, type: 주기, day: *, start: 000501, interval: 1, end: 230501
2026-08-06 16:00:41.547 [scheduling-1] INFO  AnalyzeScheduleParser -   [4] serverId: pqgetap2-시세포착2, sourceFilePath: null, type: 주기, day: *, start: 000501, interval: 2, end: 230501
2026-08-06 16:00:41.547 [scheduling-1] INFO  AnalyzeScheduleParser -   [5] serverId: pjpsap01-주파수클럽, sourceFilePath: null, type: 주기, day: *, start: 000501, interval: 1, end: 230501
2026-08-06 16:00:41.547 [scheduling-1] INFO  AnalyzeScheduleParser -   [6] serverId: pmaster2-마스터, sourceFilePath: null, type: 주기, day: *, start: 000501, interval: 2, end: 230501
2026-08-06 16:00:41.547 [scheduling-1] INFO  AnalyzeScheduleParser -   [7] serverId: ddfep01-해외시세, sourceFilePath: null, type: 주기, day: *, start: 000501, interval: 1, end: 230501
2026-08-06 16:00:41.547 [scheduling-1] INFO  AnalyzeScheduleParser -   [8] serverId: dcoodb01-주문체결, sourceFilePath: null, type: 주기, day: 1-5, start: 000501, interval: 2, end: 230501
2026-08-06 16:00:41.548 [scheduling-1] INFO  AnalyzeScheduler - [[[주기 분석 실행 결정]]] - serverId: dlprem01-테스트개발, file: null, 간격: 1분, 956번째 실행, day: *, start: 000501, end: 230501
2026-08-06 16:00:41.548 [scheduling-1] INFO  AnalyzeScheduler - [[[주기 분석 실행 결정]]] - serverId: pqgetap1-시세포착1, file: null, 간격: 1분, 956번째 실행, day: *, start: 000501, end: 230501
2026-08-06 16:00:41.548 [scheduling-1] INFO  AnalyzeScheduler - [[[주기 분석 실행 결정]]] - serverId: pjpsap01-주파수클럽, file: null, 간격: 1분, 956번째 실행, day: *, start: 000501, end: 230501
2026-08-06 16:00:41.548 [scheduling-1] INFO  AnalyzeScheduler - [[[주기 분석 실행 결정]]] - serverId: ddfep01-해외시세, file: null, 간격: 1분, 956번째 실행, day: *, start: 000501, end: 230501
2026-08-06 16:00:41.549 [analyze-async-5] INFO  AnalyzeService - 분석 이력 등록 - historyId: 14523, serverId: pqgetap1-시세포착1, date: 20260806
2026-08-06 16:00:41.549 [analyze-async-4] INFO  AnalyzeService - 분석 이력 등록 - historyId: 14521, serverId: ddfep01-해외시세, date: 20260806
2026-08-06 16:00:41.549 [analyze-async-1] INFO  AnalyzeService - 분석 이력 등록 - historyId: 14522, serverId: dlprem01-테스트개발, date: 20260806
2026-08-06 16:00:41.549 [analyze-async-3] INFO  AnalyzeService - 분석 이력 등록 - historyId: 14524, serverId: pjpsap01-주파수클럽, date: 20260806
2026-08-06 16:00:41.551 [analyze-async-1] INFO  AnalyzeRetryService - 분석 완료 - 서버: dlprem01-테스트개발, 타입: 주기, 대상일: 20260806, 총: 0건, 에러: 0건, 경고: 0건
2026-08-06 16:00:41.551 [analyze-async-3] INFO  AnalyzeRetryService - 분석 완료 - 서버: pjpsap01-주파수클럽, 타입: 주기, 대상일: 20260806, 총: 0건, 에러: 0건, 경고: 0건
2026-08-06 16:00:41.551 [analyze-async-5] INFO  AnalyzeRetryService - 분석 완료 - 서버: pqgetap1-시세포착1, 타입: 주기, 대상일: 20260806, 총: 0건, 에러: 0건, 경고: 0건
2026-08-06 16:00:41.551 [analyze-async-4] INFO  AnalyzeRetryService - 분석 완료 - 서버: ddfep01-해외시세, 타입: 주기, 대상일: 20260806, 총: 0건, 에러: 0건, 경고: 0건
2026-08-06 16:00:42.638 [Test worker] INFO  UserCountSpikeMockTest - [21/60] 2026-08-06T16:00:42.638601500 → HTS:3880, MTS:862, TOTAL:4742
2026-08-06 16:01:41.550 [scheduling-1] INFO  AnalyzeScheduleParser - ==============================================================
2026-08-06 16:01:41.550 [scheduling-1] INFO  AnalyzeScheduleParser - ==============================================================
2026-08-06 16:01:41.550 [scheduling-1] INFO  AnalyzeScheduleParser - 분석 스케줄 파일 파싱 시작 - filePath: C:\Users\20200161\Desktop\PreCheck_work\Precheck_project\Precheck_SKSCh1\precheck_collect\analyze\schedule_sample\PreCheck_AnalyzeLogs_Schedule.conf, absolutePath: C:\Users\20200161\Desktop\PreCheck_work\Precheck_project\Precheck_SKSCh1\precheck_collect\analyze\schedule_sample\PreCheck_AnalyzeLogs_Schedule.conf
2026-08-06 16:01:41.550 [scheduling-1] INFO  AnalyzeScheduleParser - 분석 스케줄 파일 파싱 완료 - absolutePath: C:\Users\20200161\Desktop\PreCheck_work\Precheck_project\Precheck_SKSCh1\precheck_collect\analyze\schedule_sample\PreCheck_AnalyzeLogs_Schedule.conf, 유효 스케줄 건수: 8
2026-08-06 16:01:41.550 [scheduling-1] INFO  AnalyzeScheduleParser -   [1] serverId: dlprem01-테스트개발, sourceFilePath: null, type: 주기, day: *, start: 000501, interval: 1, end: 230501
2026-08-06 16:01:41.550 [scheduling-1] INFO  AnalyzeScheduleParser -   [2] serverId: pamoap01-자동주문, sourceFilePath: null, type: 주기, day: *, start: 000501, interval: 2, end: 230501
2026-08-06 16:01:41.550 [scheduling-1] INFO  AnalyzeScheduleParser -   [3] serverId: pqgetap1-시세포착1, sourceFilePath: null, type: 주기, day: *, start: 000501, interval: 1, end: 230501
2026-08-06 16:01:41.550 [scheduling-1] INFO  AnalyzeScheduleParser -   [4] serverId: pqgetap2-시세포착2, sourceFilePath: null, type: 주기, day: *, start: 000501, interval: 2, end: 230501
2026-08-06 16:01:41.550 [scheduling-1] INFO  AnalyzeScheduleParser -   [5] serverId: pjpsap01-주파수클럽, sourceFilePath: null, type: 주기, day: *, start: 000501, interval: 1, end: 230501
2026-08-06 16:01:41.550 [scheduling-1] INFO  AnalyzeScheduleParser -   [6] serverId: pmaster2-마스터, sourceFilePath: null, type: 주기, day: *, start: 000501, interval: 2, end: 230501
2026-08-06 16:01:41.550 [scheduling-1] INFO  AnalyzeScheduleParser -   [7] serverId: ddfep01-해외시세, sourceFilePath: null, type: 주기, day: *, start: 000501, interval: 1, end: 230501
2026-08-06 16:01:41.550 [scheduling-1] INFO  AnalyzeScheduleParser -   [8] serverId: dcoodb01-주문체결, sourceFilePath: null, type: 주기, day: 1-5, start: 000501, interval: 2, end: 230501
2026-08-06 16:01:41.550 [scheduling-1] INFO  AnalyzeScheduler - [[[주기 분석 실행 결정]]] - serverId: dlprem01-테스트개발, file: null, 간격: 1분, 957번째 실행, day: *, start: 000501, end: 230501
2026-08-06 16:01:41.550 [scheduling-1] INFO  AnalyzeScheduler - [[[주기 분석 실행 결정]]] - serverId: pamoap01-자동주문, file: null, 간격: 2분, 479번째 실행, day: *, start: 000501, end: 230501
2026-08-06 16:01:41.551 [scheduling-1] INFO  AnalyzeScheduler - [[[주기 분석 실행 결정]]] - serverId: pqgetap1-시세포착1, file: null, 간격: 1분, 957번째 실행, day: *, start: 000501, end: 230501
2026-08-06 16:01:41.551 [scheduling-1] INFO  AnalyzeScheduler - [[[주기 분석 실행 결정]]] - serverId: pqgetap2-시세포착2, file: null, 간격: 2분, 479번째 실행, day: *, start: 000501, end: 230501
2026-08-06 16:01:41.551 [scheduling-1] INFO  AnalyzeScheduler - [[[주기 분석 실행 결정]]] - serverId: pjpsap01-주파수클럽, file: null, 간격: 1분, 957번째 실행, day: *, start: 000501, end: 230501
2026-08-06 16:01:41.551 [scheduling-1] INFO  AnalyzeScheduler - [[[주기 분석 실행 결정]]] - serverId: pmaster2-마스터, file: null, 간격: 2분, 479번째 실행, day: *, start: 000501, end: 230501
2026-08-06 16:01:41.551 [scheduling-1] INFO  AnalyzeScheduler - [[[주기 분석 실행 결정]]] - serverId: ddfep01-해외시세, file: null, 간격: 1분, 957번째 실행, day: *, start: 000501, end: 230501
2026-08-06 16:01:41.551 [scheduling-1] INFO  AnalyzeScheduler - [[[주기 분석 실행 결정]]] - serverId: dcoodb01-주문체결, file: null, 간격: 2분, 479번째 실행, day: 1-5, start: 000501, end: 230501
2026-08-06 16:01:41.552 [analyze-async-4] INFO  AnalyzeService - 분석 이력 등록 - historyId: 14526, serverId: pjpsap01-주파수클럽, date: 20260806
2026-08-06 16:01:41.552 [analyze-async-2] INFO  AnalyzeService - 분석 이력 등록 - historyId: 14529, serverId: dlprem01-테스트개발, date: 20260806
2026-08-06 16:01:41.552 [analyze-async-5] INFO  AnalyzeService - 분석 이력 등록 - historyId: 14528, serverId: pqgetap2-시세포착2, date: 20260806
2026-08-06 16:01:41.552 [analyze-async-1] INFO  AnalyzeService - 분석 이력 등록 - historyId: 14527, serverId: pamoap01-자동주문, date: 20260806
2026-08-06 16:01:41.552 [analyze-async-3] INFO  AnalyzeService - 분석 이력 등록 - historyId: 14525, serverId: pqgetap1-시세포착1, date: 20260806
2026-08-06 16:01:41.554 [analyze-async-1] INFO  AnalyzeRetryService - 분석 완료 - 서버: pamoap01-자동주문, 타입: 주기, 대상일: 20260806, 총: 0건, 에러: 0건, 경고: 0건
2026-08-06 16:01:41.554 [analyze-async-4] INFO  AnalyzeRetryService - 분석 완료 - 서버: pjpsap01-주파수클럽, 타입: 주기, 대상일: 20260806, 총: 0건, 에러: 0건, 경고: 0건
2026-08-06 16:01:41.554 [analyze-async-3] INFO  AnalyzeRetryService - 분석 완료 - 서버: pqgetap1-시세포착1, 타입: 주기, 대상일: 20260806, 총: 0건, 에러: 0건, 경고: 0건
2026-08-06 16:01:41.554 [analyze-async-5] INFO  AnalyzeRetryService - 분석 완료 - 서버: pqgetap2-시세포착2, 타입: 주기, 대상일: 20260806, 총: 0건, 에러: 0건, 경고: 0건
2026-08-06 16:01:41.554 [analyze-async-2] INFO  AnalyzeRetryService - 분석 완료 - 서버: dlprem01-테스트개발, 타입: 주기, 대상일: 20260806, 총: 0건, 에러: 0건, 경고: 0건
2026-08-06 16:01:41.554 [analyze-async-1] INFO  AnalyzeService - 분석 이력 등록 - historyId: 14530, serverId: pmaster2-마스터, date: 20260806
2026-08-06 16:01:41.554 [analyze-async-4] INFO  AnalyzeService - 분석 이력 등록 - historyId: 14531, serverId: ddfep01-해외시세, date: 20260806
2026-08-06 16:01:41.554 [analyze-async-3] INFO  AnalyzeService - 분석 이력 등록 - historyId: 14532, serverId: dcoodb01-주문체결, date: 20260806
2026-08-06 16:01:41.556 [analyze-async-1] INFO  AnalyzeRetryService - 분석 완료 - 서버: pmaster2-마스터, 타입: 주기, 대상일: 20260806, 총: 0건, 에러: 0건, 경고: 0건
2026-08-06 16:01:41.556 [analyze-async-4] INFO  AnalyzeRetryService - 분석 완료 - 서버: ddfep01-해외시세, 타입: 주기, 대상일: 20260806, 총: 0건, 에러: 0건, 경고: 0건
2026-08-06 16:01:41.556 [analyze-async-3] INFO  AnalyzeRetryService - 분석 완료 - 서버: dcoodb01-주문체결, 타입: 주기, 대상일: 20260806, 총: 0건, 에러: 0건, 경고: 0건
2026-08-06 16:01:42.645 [Test worker] INFO  UserCountSpikeMockTest - [22/60] 2026-08-06T16:01:42.644477100 → HTS:4027, MTS:1109, TOTAL:5136
2026-08-06 16:02:41.553 [scheduling-1] INFO  AnalyzeScheduleParser - ==============================================================
2026-08-06 16:02:41.553 [scheduling-1] INFO  AnalyzeScheduleParser - ==============================================================
2026-08-06 16:02:41.553 [scheduling-1] INFO  AnalyzeScheduleParser - 분석 스케줄 파일 파싱 시작 - filePath: C:\Users\20200161\Desktop\PreCheck_work\Precheck_project\Precheck_SKSCh1\precheck_collect\analyze\schedule_sample\PreCheck_AnalyzeLogs_Schedule.conf, absolutePath: C:\Users\20200161\Desktop\PreCheck_work\Precheck_project\Precheck_SKSCh1\precheck_collect\analyze\schedule_sample\PreCheck_AnalyzeLogs_Schedule.conf
2026-08-06 16:02:41.553 [scheduling-1] INFO  AnalyzeScheduleParser - 분석 스케줄 파일 파싱 완료 - absolutePath: C:\Users\20200161\Desktop\PreCheck_work\Precheck_project\Precheck_SKSCh1\precheck_collect\analyze\schedule_sample\PreCheck_AnalyzeLogs_Schedule.conf, 유효 스케줄 건수: 8
2026-08-06 16:02:41.553 [scheduling-1] INFO  AnalyzeScheduleParser -   [1] serverId: dlprem01-테스트개발, sourceFilePath: null, type: 주기, day: *, start: 000501, interval: 1, end: 230501
2026-08-06 16:02:41.553 [scheduling-1] INFO  AnalyzeScheduleParser -   [2] serverId: pamoap01-자동주문, sourceFilePath: null, type: 주기, day: *, start: 000501, interval: 2, end: 230501
2026-08-06 16:02:41.553 [scheduling-1] INFO  AnalyzeScheduleParser -   [3] serverId: pqgetap1-시세포착1, sourceFilePath: null, type: 주기, day: *, start: 000501, interval: 1, end: 230501
2026-08-06 16:02:41.553 [scheduling-1] INFO  AnalyzeScheduleParser -   [4] serverId: pqgetap2-시세포착2, sourceFilePath: null, type: 주기, day: *, start: 000501, interval: 2, end: 230501
2026-08-06 16:02:41.553 [scheduling-1] INFO  AnalyzeScheduleParser -   [5] serverId: pjpsap01-주파수클럽, sourceFilePath: null, type: 주기, day: *, start: 000501, interval: 1, end: 230501
2026-08-06 16:02:41.553 [scheduling-1] INFO  AnalyzeScheduleParser -   [6] serverId: pmaster2-마스터, sourceFilePath: null, type: 주기, day: *, start: 000501, interval: 2, end: 230501
2026-08-06 16:02:41.553 [scheduling-1] INFO  AnalyzeScheduleParser -   [7] serverId: ddfep01-해외시세, sourceFilePath: null, type: 주기, day: *, start: 000501, interval: 1, end: 230501
2026-08-06 16:02:41.553 [scheduling-1] INFO  AnalyzeScheduleParser -   [8] serverId: dcoodb01-주문체결, sourceFilePath: null, type: 주기, day: 1-5, start: 000501, interval: 2, end: 230501
2026-08-06 16:02:41.553 [scheduling-1] INFO  AnalyzeScheduler - [[[주기 분석 실행 결정]]] - serverId: dlprem01-테스트개발, file: null, 간격: 1분, 958번째 실행, day: *, start: 000501, end: 230501
2026-08-06 16:02:41.553 [scheduling-1] INFO  AnalyzeScheduler - [[[주기 분석 실행 결정]]] - serverId: pqgetap1-시세포착1, file: null, 간격: 1분, 958번째 실행, day: *, start: 000501, end: 230501
2026-08-06 16:02:41.553 [scheduling-1] INFO  AnalyzeScheduler - [[[주기 분석 실행 결정]]] - serverId: pjpsap01-주파수클럽, file: null, 간격: 1분, 958번째 실행, day: *, start: 000501, end: 230501
2026-08-06 16:02:41.553 [scheduling-1] INFO  AnalyzeScheduler - [[[주기 분석 실행 결정]]] - serverId: ddfep01-해외시세, file: null, 간격: 1분, 958번째 실행, day: *, start: 000501, end: 230501
2026-08-06 16:02:41.556 [analyze-async-2] INFO  AnalyzeService - 분석 이력 등록 - historyId: 14534, serverId: pqgetap1-시세포착1, date: 20260806
2026-08-06 16:02:41.556 [analyze-async-4] INFO  AnalyzeService - 분석 이력 등록 - historyId: 14536, serverId: ddfep01-해외시세, date: 20260806
2026-08-06 16:02:41.556 [analyze-async-5] INFO  AnalyzeService - 분석 이력 등록 - historyId: 14535, serverId: dlprem01-테스트개발, date: 20260806
2026-08-06 16:02:41.556 [analyze-async-1] INFO  AnalyzeService - 분석 이력 등록 - historyId: 14533, serverId: pjpsap01-주파수클럽, date: 20260806
2026-08-06 16:02:41.557 [analyze-async-1] INFO  AnalyzeRetryService - 분석 완료 - 서버: pjpsap01-주파수클럽, 타입: 주기, 대상일: 20260806, 총: 0건, 에러: 0건, 경고: 0건
2026-08-06 16:02:41.557 [analyze-async-2] INFO  AnalyzeRetryService - 분석 완료 - 서버: pqgetap1-시세포착1, 타입: 주기, 대상일: 20260806, 총: 0건, 에러: 0건, 경고: 0건
2026-08-06 16:02:41.558 [analyze-async-5] INFO  AnalyzeRetryService - 분석 완료 - 서버: dlprem01-테스트개발, 타입: 주기, 대상일: 20260806, 총: 0건, 에러: 0건, 경고: 0건
2026-08-06 16:02:41.558 [analyze-async-4] INFO  AnalyzeRetryService - 분석 완료 - 서버: ddfep01-해외시세, 타입: 주기, 대상일: 20260806, 총: 0건, 에러: 0건, 경고: 0건
2026-08-06 16:02:42.650 [Test worker] INFO  UserCountSpikeMockTest - [23/60] 2026-08-06T16:02:42.648968200 → HTS:4020, MTS:1048, TOTAL:5068
2026-08-06 16:03:41.555 [scheduling-1] INFO  AnalyzeScheduleParser - ==============================================================
2026-08-06 16:03:41.555 [scheduling-1] INFO  AnalyzeScheduleParser - ==============================================================
2026-08-06 16:03:41.555 [scheduling-1] INFO  AnalyzeScheduleParser - 분석 스케줄 파일 파싱 시작 - filePath: C:\Users\20200161\Desktop\PreCheck_work\Precheck_project\Precheck_SKSCh1\precheck_collect\analyze\schedule_sample\PreCheck_AnalyzeLogs_Schedule.conf, absolutePath: C:\Users\20200161\Desktop\PreCheck_work\Precheck_project\Precheck_SKSCh1\precheck_collect\analyze\schedule_sample\PreCheck_AnalyzeLogs_Schedule.conf
2026-08-06 16:03:41.555 [scheduling-1] INFO  AnalyzeScheduleParser - 분석 스케줄 파일 파싱 완료 - absolutePath: C:\Users\20200161\Desktop\PreCheck_work\Precheck_project\Precheck_SKSCh1\precheck_collect\analyze\schedule_sample\PreCheck_AnalyzeLogs_Schedule.conf, 유효 스케줄 건수: 8
2026-08-06 16:03:41.555 [scheduling-1] INFO  AnalyzeScheduleParser -   [1] serverId: dlprem01-테스트개발, sourceFilePath: null, type: 주기, day: *, start: 000501, interval: 1, end: 230501
2026-08-06 16:03:41.555 [scheduling-1] INFO  AnalyzeScheduleParser -   [2] serverId: pamoap01-자동주문, sourceFilePath: null, type: 주기, day: *, start: 000501, interval: 2, end: 230501
2026-08-06 16:03:41.556 [scheduling-1] INFO  AnalyzeScheduleParser -   [3] serverId: pqgetap1-시세포착1, sourceFilePath: null, type: 주기, day: *, start: 000501, interval: 1, end: 230501
2026-08-06 16:03:41.556 [scheduling-1] INFO  AnalyzeScheduleParser -   [4] serverId: pqgetap2-시세포착2, sourceFilePath: null, type: 주기, day: *, start: 000501, interval: 2, end: 230501
2026-08-06 16:03:41.556 [scheduling-1] INFO  AnalyzeScheduleParser -   [5] serverId: pjpsap01-주파수클럽, sourceFilePath: null, type: 주기, day: *, start: 000501, interval: 1, end: 230501
2026-08-06 16:03:41.556 [scheduling-1] INFO  AnalyzeScheduleParser -   [6] serverId: pmaster2-마스터, sourceFilePath: null, type: 주기, day: *, start: 000501, interval: 2, end: 230501
2026-08-06 16:03:41.556 [scheduling-1] INFO  AnalyzeScheduleParser -   [7] serverId: ddfep01-해외시세, sourceFilePath: null, type: 주기, day: *, start: 000501, interval: 1, end: 230501
2026-08-06 16:03:41.556 [scheduling-1] INFO  AnalyzeScheduleParser -   [8] serverId: dcoodb01-주문체결, sourceFilePath: null, type: 주기, day: 1-5, start: 000501, interval: 2, end: 230501
2026-08-06 16:03:41.556 [scheduling-1] INFO  AnalyzeScheduler - [[[주기 분석 실행 결정]]] - serverId: dlprem01-테스트개발, file: null, 간격: 1분, 959번째 실행, day: *, start: 000501, end: 230501
2026-08-06 16:03:41.556 [scheduling-1] INFO  AnalyzeScheduler - [[[주기 분석 실행 결정]]] - serverId: pamoap01-자동주문, file: null, 간격: 2분, 480번째 실행, day: *, start: 000501, end: 230501
2026-08-06 16:03:41.556 [scheduling-1] INFO  AnalyzeScheduler - [[[주기 분석 실행 결정]]] - serverId: pqgetap1-시세포착1, file: null, 간격: 1분, 959번째 실행, day: *, start: 000501, end: 230501
2026-08-06 16:03:41.556 [scheduling-1] INFO  AnalyzeScheduler - [[[주기 분석 실행 결정]]] - serverId: pqgetap2-시세포착2, file: null, 간격: 2분, 480번째 실행, day: *, start: 000501, end: 230501
2026-08-06 16:03:41.556 [scheduling-1] INFO  AnalyzeScheduler - [[[주기 분석 실행 결정]]] - serverId: pjpsap01-주파수클럽, file: null, 간격: 1분, 959번째 실행, day: *, start: 000501, end: 230501
2026-08-06 16:03:41.556 [scheduling-1] INFO  AnalyzeScheduler - [[[주기 분석 실행 결정]]] - serverId: pmaster2-마스터, file: null, 간격: 2분, 480번째 실행, day: *, start: 000501, end: 230501
2026-08-06 16:03:41.556 [scheduling-1] INFO  AnalyzeScheduler - [[[주기 분석 실행 결정]]] - serverId: ddfep01-해외시세, file: null, 간격: 1분, 959번째 실행, day: *, start: 000501, end: 230501
2026-08-06 16:03:41.556 [scheduling-1] INFO  AnalyzeScheduler - [[[주기 분석 실행 결정]]] - serverId: dcoodb01-주문체결, file: null, 간격: 2분, 480번째 실행, day: 1-5, start: 000501, end: 230501
2026-08-06 16:03:41.557 [analyze-async-5] INFO  AnalyzeService - 분석 이력 등록 - historyId: 14538, serverId: pqgetap2-시세포착2, date: 20260806
2026-08-06 16:03:41.557 [analyze-async-2] INFO  AnalyzeService - 분석 이력 등록 - historyId: 14537, serverId: pqgetap1-시세포착1, date: 20260806
2026-08-06 16:03:41.557 [analyze-async-1] INFO  AnalyzeService - 분석 이력 등록 - historyId: 14540, serverId: pamoap01-자동주문, date: 20260806
2026-08-06 16:03:41.557 [analyze-async-3] INFO  AnalyzeService - 분석 이력 등록 - historyId: 14539, serverId: dlprem01-테스트개발, date: 20260806
2026-08-06 16:03:41.560 [analyze-async-4] INFO  AnalyzeService - 분석 이력 등록 - historyId: 14541, serverId: pjpsap01-주파수클럽, date: 20260806
2026-08-06 16:03:41.560 [analyze-async-3] INFO  AnalyzeRetryService - 분석 완료 - 서버: dlprem01-테스트개발, 타입: 주기, 대상일: 20260806, 총: 0건, 에러: 0건, 경고: 0건
2026-08-06 16:03:41.560 [analyze-async-2] INFO  AnalyzeRetryService - 분석 완료 - 서버: pqgetap1-시세포착1, 타입: 주기, 대상일: 20260806, 총: 0건, 에러: 0건, 경고: 0건
2026-08-06 16:03:41.560 [analyze-async-1] INFO  AnalyzeRetryService - 분석 완료 - 서버: pamoap01-자동주문, 타입: 주기, 대상일: 20260806, 총: 0건, 에러: 0건, 경고: 0건
2026-08-06 16:03:41.560 [analyze-async-5] INFO  AnalyzeRetryService - 분석 완료 - 서버: pqgetap2-시세포착2, 타입: 주기, 대상일: 20260806, 총: 0건, 에러: 0건, 경고: 0건
2026-08-06 16:03:41.561 [analyze-async-3] INFO  AnalyzeService - 분석 이력 등록 - historyId: 14542, serverId: pmaster2-마스터, date: 20260806
2026-08-06 16:03:41.561 [analyze-async-1] INFO  AnalyzeService - 분석 이력 등록 - historyId: 14543, serverId: dcoodb01-주문체결, date: 20260806
2026-08-06 16:03:41.561 [analyze-async-2] INFO  AnalyzeService - 분석 이력 등록 - historyId: 14544, serverId: ddfep01-해외시세, date: 20260806
2026-08-06 16:03:41.564 [analyze-async-1] INFO  AnalyzeRetryService - 분석 완료 - 서버: dcoodb01-주문체결, 타입: 주기, 대상일: 20260806, 총: 0건, 에러: 0건, 경고: 0건
2026-08-06 16:03:41.564 [analyze-async-2] INFO  AnalyzeRetryService - 분석 완료 - 서버: ddfep01-해외시세, 타입: 주기, 대상일: 20260806, 총: 0건, 에러: 0건, 경고: 0건
2026-08-06 16:03:41.564 [analyze-async-3] INFO  AnalyzeRetryService - 분석 완료 - 서버: pmaster2-마스터, 타입: 주기, 대상일: 20260806, 총: 0건, 에러: 0건, 경고: 0건
2026-08-06 16:03:41.568 [analyze-async-4] INFO  AnalyzeRetryService - 분석 완료 - 서버: pjpsap01-주파수클럽, 타입: 주기, 대상일: 20260806, 총: 0건, 에러: 0건, 경고: 0건
2026-08-06 16:03:42.653 [Test worker] INFO  UserCountSpikeMockTest - [24/60] 2026-08-06T16:03:42.652867200 → HTS:4336, MTS:986, TOTAL:5322
2026-08-06 16:04:41.558 [scheduling-1] INFO  AnalyzeScheduleParser - ==============================================================
2026-08-06 16:04:41.558 [scheduling-1] INFO  AnalyzeScheduleParser - ==============================================================
2026-08-06 16:04:41.558 [scheduling-1] INFO  AnalyzeScheduleParser - 분석 스케줄 파일 파싱 시작 - filePath: C:\Users\20200161\Desktop\PreCheck_work\Precheck_project\Precheck_SKSCh1\precheck_collect\analyze\schedule_sample\PreCheck_AnalyzeLogs_Schedule.conf, absolutePath: C:\Users\20200161\Desktop\PreCheck_work\Precheck_project\Precheck_SKSCh1\precheck_collect\analyze\schedule_sample\PreCheck_AnalyzeLogs_Schedule.conf
2026-08-06 16:04:41.558 [scheduling-1] INFO  AnalyzeScheduleParser - 분석 스케줄 파일 파싱 완료 - absolutePath: C:\Users\20200161\Desktop\PreCheck_work\Precheck_project\Precheck_SKSCh1\precheck_collect\analyze\schedule_sample\PreCheck_AnalyzeLogs_Schedule.conf, 유효 스케줄 건수: 8
2026-08-06 16:04:41.558 [scheduling-1] INFO  AnalyzeScheduleParser -   [1] serverId: dlprem01-테스트개발, sourceFilePath: null, type: 주기, day: *, start: 000501, interval: 1, end: 230501
2026-08-06 16:04:41.558 [scheduling-1] INFO  AnalyzeScheduleParser -   [2] serverId: pamoap01-자동주문, sourceFilePath: null, type: 주기, day: *, start: 000501, interval: 2, end: 230501
2026-08-06 16:04:41.558 [scheduling-1] INFO  AnalyzeScheduleParser -   [3] serverId: pqgetap1-시세포착1, sourceFilePath: null, type: 주기, day: *, start: 000501, interval: 1, end: 230501
2026-08-06 16:04:41.558 [scheduling-1] INFO  AnalyzeScheduleParser -   [4] serverId: pqgetap2-시세포착2, sourceFilePath: null, type: 주기, day: *, start: 000501, interval: 2, end: 230501
2026-08-06 16:04:41.558 [scheduling-1] INFO  AnalyzeScheduleParser -   [5] serverId: pjpsap01-주파수클럽, sourceFilePath: null, type: 주기, day: *, start: 000501, interval: 1, end: 230501
2026-08-06 16:04:41.558 [scheduling-1] INFO  AnalyzeScheduleParser -   [6] serverId: pmaster2-마스터, sourceFilePath: null, type: 주기, day: *, start: 000501, interval: 2, end: 230501
2026-08-06 16:04:41.558 [scheduling-1] INFO  AnalyzeScheduleParser -   [7] serverId: ddfep01-해외시세, sourceFilePath: null, type: 주기, day: *, start: 000501, interval: 1, end: 230501
2026-08-06 16:04:41.558 [scheduling-1] INFO  AnalyzeScheduleParser -   [8] serverId: dcoodb01-주문체결, sourceFilePath: null, type: 주기, day: 1-5, start: 000501, interval: 2, end: 230501
2026-08-06 16:04:41.558 [scheduling-1] INFO  AnalyzeScheduler - [[[주기 분석 실행 결정]]] - serverId: dlprem01-테스트개발, file: null, 간격: 1분, 960번째 실행, day: *, start: 000501, end: 230501
2026-08-06 16:04:41.559 [scheduling-1] INFO  AnalyzeScheduler - [[[주기 분석 실행 결정]]] - serverId: pqgetap1-시세포착1, file: null, 간격: 1분, 960번째 실행, day: *, start: 000501, end: 230501
2026-08-06 16:04:41.559 [scheduling-1] INFO  AnalyzeScheduler - [[[주기 분석 실행 결정]]] - serverId: pjpsap01-주파수클럽, file: null, 간격: 1분, 960번째 실행, day: *, start: 000501, end: 230501
2026-08-06 16:04:41.559 [scheduling-1] INFO  AnalyzeScheduler - [[[주기 분석 실행 결정]]] - serverId: ddfep01-해외시세, file: null, 간격: 1분, 960번째 실행, day: *, start: 000501, end: 230501
2026-08-06 16:04:41.562 [analyze-async-1] INFO  AnalyzeService - 분석 이력 등록 - historyId: 14545, serverId: pqgetap1-시세포착1, date: 20260806
2026-08-06 16:04:41.562 [analyze-async-2] INFO  AnalyzeService - 분석 이력 등록 - historyId: 14547, serverId: pjpsap01-주파수클럽, date: 20260806
2026-08-06 16:04:41.562 [analyze-async-5] INFO  AnalyzeService - 분석 이력 등록 - historyId: 14546, serverId: dlprem01-테스트개발, date: 20260806
2026-08-06 16:04:41.562 [analyze-async-3] INFO  AnalyzeService - 분석 이력 등록 - historyId: 14548, serverId: ddfep01-해외시세, date: 20260806
2026-08-06 16:04:41.564 [analyze-async-5] INFO  AnalyzeRetryService - 분석 완료 - 서버: dlprem01-테스트개발, 타입: 주기, 대상일: 20260806, 총: 0건, 에러: 0건, 경고: 0건
2026-08-06 16:04:41.564 [analyze-async-1] INFO  AnalyzeRetryService - 분석 완료 - 서버: pqgetap1-시세포착1, 타입: 주기, 대상일: 20260806, 총: 0건, 에러: 0건, 경고: 0건
2026-08-06 16:04:41.564 [analyze-async-2] INFO  AnalyzeRetryService - 분석 완료 - 서버: pjpsap01-주파수클럽, 타입: 주기, 대상일: 20260806, 총: 0건, 에러: 0건, 경고: 0건
2026-08-06 16:04:41.570 [analyze-async-3] INFO  AnalyzeRetryService - 분석 완료 - 서버: ddfep01-해외시세, 타입: 주기, 대상일: 20260806, 총: 0건, 에러: 0건, 경고: 0건
2026-08-06 16:04:42.659 [Test worker] INFO  UserCountSpikeMockTest - [25/60] 2026-08-06T16:04:42.656948400 → HTS:4220, MTS:1057, TOTAL:5277
2026-08-06 16:05:41.562 [scheduling-1] INFO  AnalyzeScheduleParser - ==============================================================
2026-08-06 16:05:41.562 [scheduling-1] INFO  AnalyzeScheduleParser - ==============================================================
2026-08-06 16:05:41.562 [scheduling-1] INFO  AnalyzeScheduleParser - 분석 스케줄 파일 파싱 시작 - filePath: C:\Users\20200161\Desktop\PreCheck_work\Precheck_project\Precheck_SKSCh1\precheck_collect\analyze\schedule_sample\PreCheck_AnalyzeLogs_Schedule.conf, absolutePath: C:\Users\20200161\Desktop\PreCheck_work\Precheck_project\Precheck_SKSCh1\precheck_collect\analyze\schedule_sample\PreCheck_AnalyzeLogs_Schedule.conf
2026-08-06 16:05:41.562 [scheduling-1] INFO  AnalyzeScheduleParser - 분석 스케줄 파일 파싱 완료 - absolutePath: C:\Users\20200161\Desktop\PreCheck_work\Precheck_project\Precheck_SKSCh1\precheck_collect\analyze\schedule_sample\PreCheck_AnalyzeLogs_Schedule.conf, 유효 스케줄 건수: 8
2026-08-06 16:05:41.562 [scheduling-1] INFO  AnalyzeScheduleParser -   [1] serverId: dlprem01-테스트개발, sourceFilePath: null, type: 주기, day: *, start: 000501, interval: 1, end: 230501
2026-08-06 16:05:41.562 [scheduling-1] INFO  AnalyzeScheduleParser -   [2] serverId: pamoap01-자동주문, sourceFilePath: null, type: 주기, day: *, start: 000501, interval: 2, end: 230501
2026-08-06 16:05:41.562 [scheduling-1] INFO  AnalyzeScheduleParser -   [3] serverId: pqgetap1-시세포착1, sourceFilePath: null, type: 주기, day: *, start: 000501, interval: 1, end: 230501
2026-08-06 16:05:41.562 [scheduling-1] INFO  AnalyzeScheduleParser -   [4] serverId: pqgetap2-시세포착2, sourceFilePath: null, type: 주기, day: *, start: 000501, interval: 2, end: 230501
2026-08-06 16:05:41.562 [scheduling-1] INFO  AnalyzeScheduleParser -   [5] serverId: pjpsap01-주파수클럽, sourceFilePath: null, type: 주기, day: *, start: 000501, interval: 1, end: 230501
2026-08-06 16:05:41.562 [scheduling-1] INFO  AnalyzeScheduleParser -   [6] serverId: pmaster2-마스터, sourceFilePath: null, type: 주기, day: *, start: 000501, interval: 2, end: 230501
2026-08-06 16:05:41.562 [scheduling-1] INFO  AnalyzeScheduleParser -   [7] serverId: ddfep01-해외시세, sourceFilePath: null, type: 주기, day: *, start: 000501, interval: 1, end: 230501
2026-08-06 16:05:41.563 [scheduling-1] INFO  AnalyzeScheduleParser -   [8] serverId: dcoodb01-주문체결, sourceFilePath: null, type: 주기, day: 1-5, start: 000501, interval: 2, end: 230501
2026-08-06 16:05:41.563 [scheduling-1] INFO  AnalyzeScheduler - [[[주기 분석 실행 결정]]] - serverId: dlprem01-테스트개발, file: null, 간격: 1분, 961번째 실행, day: *, start: 000501, end: 230501
2026-08-06 16:05:41.563 [scheduling-1] INFO  AnalyzeScheduler - [[[주기 분석 실행 결정]]] - serverId: pamoap01-자동주문, file: null, 간격: 2분, 481번째 실행, day: *, start: 000501, end: 230501
2026-08-06 16:05:41.563 [scheduling-1] INFO  AnalyzeScheduler - [[[주기 분석 실행 결정]]] - serverId: pqgetap1-시세포착1, file: null, 간격: 1분, 961번째 실행, day: *, start: 000501, end: 230501
2026-08-06 16:05:41.563 [scheduling-1] INFO  AnalyzeScheduler - [[[주기 분석 실행 결정]]] - serverId: pqgetap2-시세포착2, file: null, 간격: 2분, 481번째 실행, day: *, start: 000501, end: 230501
2026-08-06 16:05:41.563 [scheduling-1] INFO  AnalyzeScheduler - [[[주기 분석 실행 결정]]] - serverId: pjpsap01-주파수클럽, file: null, 간격: 1분, 961번째 실행, day: *, start: 000501, end: 230501
2026-08-06 16:05:41.563 [scheduling-1] INFO  AnalyzeScheduler - [[[주기 분석 실행 결정]]] - serverId: pmaster2-마스터, file: null, 간격: 2분, 481번째 실행, day: *, start: 000501, end: 230501
2026-08-06 16:05:41.563 [scheduling-1] INFO  AnalyzeScheduler - [[[주기 분석 실행 결정]]] - serverId: ddfep01-해외시세, file: null, 간격: 1분, 961번째 실행, day: *, start: 000501, end: 230501
2026-08-06 16:05:41.563 [scheduling-1] INFO  AnalyzeScheduler - [[[주기 분석 실행 결정]]] - serverId: dcoodb01-주문체결, file: null, 간격: 2분, 481번째 실행, day: 1-5, start: 000501, end: 230501
2026-08-06 16:05:41.564 [analyze-async-5] INFO  AnalyzeService - 분석 이력 등록 - historyId: 14550, serverId: pamoap01-자동주문, date: 20260806
2026-08-06 16:05:41.564 [analyze-async-2] INFO  AnalyzeService - 분석 이력 등록 - historyId: 14552, serverId: pqgetap2-시세포착2, date: 20260806
2026-08-06 16:05:41.564 [analyze-async-1] INFO  AnalyzeService - 분석 이력 등록 - historyId: 14549, serverId: pqgetap1-시세포착1, date: 20260806
2026-08-06 16:05:41.564 [analyze-async-4] INFO  AnalyzeService - 분석 이력 등록 - historyId: 14551, serverId: dlprem01-테스트개발, date: 20260806
2026-08-06 16:05:41.565 [analyze-async-3] INFO  AnalyzeService - 분석 이력 등록 - historyId: 14553, serverId: pjpsap01-주파수클럽, date: 20260806
2026-08-06 16:05:41.565 [analyze-async-1] INFO  AnalyzeRetryService - 분석 완료 - 서버: pqgetap1-시세포착1, 타입: 주기, 대상일: 20260806, 총: 0건, 에러: 0건, 경고: 0건
2026-08-06 16:05:41.566 [analyze-async-5] INFO  AnalyzeRetryService - 분석 완료 - 서버: pamoap01-자동주문, 타입: 주기, 대상일: 20260806, 총: 0건, 에러: 0건, 경고: 0건
2026-08-06 16:05:41.566 [analyze-async-2] INFO  AnalyzeRetryService - 분석 완료 - 서버: pqgetap2-시세포착2, 타입: 주기, 대상일: 20260806, 총: 0건, 에러: 0건, 경고: 0건
2026-08-06 16:05:41.566 [analyze-async-4] INFO  AnalyzeRetryService - 분석 완료 - 서버: dlprem01-테스트개발, 타입: 주기, 대상일: 20260806, 총: 0건, 에러: 0건, 경고: 0건
2026-08-06 16:05:41.566 [analyze-async-1] INFO  AnalyzeService - 분석 이력 등록 - historyId: 14554, serverId: pmaster2-마스터, date: 20260806
2026-08-06 16:05:41.566 [analyze-async-5] INFO  AnalyzeService - 분석 이력 등록 - historyId: 14555, serverId: ddfep01-해외시세, date: 20260806
2026-08-06 16:05:41.566 [analyze-async-2] INFO  AnalyzeService - 분석 이력 등록 - historyId: 14556, serverId: dcoodb01-주문체결, date: 20260806
2026-08-06 16:05:41.567 [analyze-async-1] INFO  AnalyzeRetryService - 분석 완료 - 서버: pmaster2-마스터, 타입: 주기, 대상일: 20260806, 총: 0건, 에러: 0건, 경고: 0건
2026-08-06 16:05:41.568 [analyze-async-5] INFO  AnalyzeRetryService - 분석 완료 - 서버: ddfep01-해외시세, 타입: 주기, 대상일: 20260806, 총: 0건, 에러: 0건, 경고: 0건
2026-08-06 16:05:41.568 [analyze-async-2] INFO  AnalyzeRetryService - 분석 완료 - 서버: dcoodb01-주문체결, 타입: 주기, 대상일: 20260806, 총: 0건, 에러: 0건, 경고: 0건
2026-08-06 16:05:41.570 [analyze-async-3] INFO  AnalyzeRetryService - 분석 완료 - 서버: pjpsap01-주파수클럽, 타입: 주기, 대상일: 20260806, 총: 0건, 에러: 0건, 경고: 0건
2026-08-06 16:05:42.666 [Test worker] INFO  UserCountSpikeMockTest - [26/60] 2026-08-06T16:05:42.662986900 → HTS:2861, MTS:1239, TOTAL:4100
2026-08-06 16:06:41.576 [scheduling-1] INFO  AnalyzeScheduleParser - ==============================================================
2026-08-06 16:06:41.576 [scheduling-1] INFO  AnalyzeScheduleParser - ==============================================================
2026-08-06 16:06:41.576 [scheduling-1] INFO  AnalyzeScheduleParser - 분석 스케줄 파일 파싱 시작 - filePath: C:\Users\20200161\Desktop\PreCheck_work\Precheck_project\Precheck_SKSCh1\precheck_collect\analyze\schedule_sample\PreCheck_AnalyzeLogs_Schedule.conf, absolutePath: C:\Users\20200161\Desktop\PreCheck_work\Precheck_project\Precheck_SKSCh1\precheck_collect\analyze\schedule_sample\PreCheck_AnalyzeLogs_Schedule.conf
2026-08-06 16:06:41.576 [scheduling-1] INFO  AnalyzeScheduleParser - 분석 스케줄 파일 파싱 완료 - absolutePath: C:\Users\20200161\Desktop\PreCheck_work\Precheck_project\Precheck_SKSCh1\precheck_collect\analyze\schedule_sample\PreCheck_AnalyzeLogs_Schedule.conf, 유효 스케줄 건수: 8
2026-08-06 16:06:41.576 [scheduling-1] INFO  AnalyzeScheduleParser -   [1] serverId: dlprem01-테스트개발, sourceFilePath: null, type: 주기, day: *, start: 000501, interval: 1, end: 230501
2026-08-06 16:06:41.576 [scheduling-1] INFO  AnalyzeScheduleParser -   [2] serverId: pamoap01-자동주문, sourceFilePath: null, type: 주기, day: *, start: 000501, interval: 2, end: 230501
2026-08-06 16:06:41.576 [scheduling-1] INFO  AnalyzeScheduleParser -   [3] serverId: pqgetap1-시세포착1, sourceFilePath: null, type: 주기, day: *, start: 000501, interval: 1, end: 230501
2026-08-06 16:06:41.576 [scheduling-1] INFO  AnalyzeScheduleParser -   [4] serverId: pqgetap2-시세포착2, sourceFilePath: null, type: 주기, day: *, start: 000501, interval: 2, end: 230501
2026-08-06 16:06:41.576 [scheduling-1] INFO  AnalyzeScheduleParser -   [5] serverId: pjpsap01-주파수클럽, sourceFilePath: null, type: 주기, day: *, start: 000501, interval: 1, end: 230501
2026-08-06 16:06:41.576 [scheduling-1] INFO  AnalyzeScheduleParser -   [6] serverId: pmaster2-마스터, sourceFilePath: null, type: 주기, day: *, start: 000501, interval: 2, end: 230501
2026-08-06 16:06:41.576 [scheduling-1] INFO  AnalyzeScheduleParser -   [7] serverId: ddfep01-해외시세, sourceFilePath: null, type: 주기, day: *, start: 000501, interval: 1, end: 230501
2026-08-06 16:06:41.576 [scheduling-1] INFO  AnalyzeScheduleParser -   [8] serverId: dcoodb01-주문체결, sourceFilePath: null, type: 주기, day: 1-5, start: 000501, interval: 2, end: 230501
2026-08-06 16:06:41.576 [scheduling-1] INFO  AnalyzeScheduler - [[[주기 분석 실행 결정]]] - serverId: dlprem01-테스트개발, file: null, 간격: 1분, 962번째 실행, day: *, start: 000501, end: 230501
2026-08-06 16:06:41.576 [scheduling-1] INFO  AnalyzeScheduler - [[[주기 분석 실행 결정]]] - serverId: pqgetap1-시세포착1, file: null, 간격: 1분, 962번째 실행, day: *, start: 000501, end: 230501
2026-08-06 16:06:41.576 [scheduling-1] INFO  AnalyzeScheduler - [[[주기 분석 실행 결정]]] - serverId: pjpsap01-주파수클럽, file: null, 간격: 1분, 962번째 실행, day: *, start: 000501, end: 230501
2026-08-06 16:06:41.576 [scheduling-1] INFO  AnalyzeScheduler - [[[주기 분석 실행 결정]]] - serverId: ddfep01-해외시세, file: null, 간격: 1분, 962번째 실행, day: *, start: 000501, end: 230501
2026-08-06 16:06:41.576 [analyze-async-4] INFO  AnalyzeService - 분석 이력 등록 - historyId: 14557, serverId: dlprem01-테스트개발, date: 20260806
2026-08-06 16:06:41.576 [analyze-async-1] INFO  AnalyzeService - 분석 이력 등록 - historyId: 14558, serverId: pqgetap1-시세포착1, date: 20260806
2026-08-06 16:06:41.576 [analyze-async-2] INFO  AnalyzeService - 분석 이력 등록 - historyId: 14559, serverId: ddfep01-해외시세, date: 20260806
2026-08-06 16:06:41.576 [analyze-async-5] INFO  AnalyzeService - 분석 이력 등록 - historyId: 14560, serverId: pjpsap01-주파수클럽, date: 20260806
2026-08-06 16:06:41.576 [analyze-async-4] INFO  AnalyzeRetryService - 분석 완료 - 서버: dlprem01-테스트개발, 타입: 주기, 대상일: 20260806, 총: 0건, 에러: 0건, 경고: 0건
2026-08-06 16:06:41.576 [analyze-async-1] INFO  AnalyzeRetryService - 분석 완료 - 서버: pqgetap1-시세포착1, 타입: 주기, 대상일: 20260806, 총: 0건, 에러: 0건, 경고: 0건
2026-08-06 16:06:41.576 [analyze-async-2] INFO  AnalyzeRetryService - 분석 완료 - 서버: ddfep01-해외시세, 타입: 주기, 대상일: 20260806, 총: 0건, 에러: 0건, 경고: 0건
2026-08-06 16:06:41.576 [analyze-async-5] INFO  AnalyzeRetryService - 분석 완료 - 서버: pjpsap01-주파수클럽, 타입: 주기, 대상일: 20260806, 총: 0건, 에러: 0건, 경고: 0건
2026-08-06 16:06:42.669 [Test worker] INFO  UserCountSpikeMockTest - [27/60] 2026-08-06T16:06:42.667883300 → HTS:3280, MTS:1349, TOTAL:4629
2026-08-06 16:07:41.578 [scheduling-1] INFO  AnalyzeScheduleParser - ==============================================================
2026-08-06 16:07:41.578 [scheduling-1] INFO  AnalyzeScheduleParser - ==============================================================
2026-08-06 16:07:41.578 [scheduling-1] INFO  AnalyzeScheduleParser - 분석 스케줄 파일 파싱 시작 - filePath: C:\Users\20200161\Desktop\PreCheck_work\Precheck_project\Precheck_SKSCh1\precheck_collect\analyze\schedule_sample\PreCheck_AnalyzeLogs_Schedule.conf, absolutePath: C:\Users\20200161\Desktop\PreCheck_work\Precheck_project\Precheck_SKSCh1\precheck_collect\analyze\schedule_sample\PreCheck_AnalyzeLogs_Schedule.conf
2026-08-06 16:07:41.578 [scheduling-1] INFO  AnalyzeScheduleParser - 분석 스케줄 파일 파싱 완료 - absolutePath: C:\Users\20200161\Desktop\PreCheck_work\Precheck_project\Precheck_SKSCh1\precheck_collect\analyze\schedule_sample\PreCheck_AnalyzeLogs_Schedule.conf, 유효 스케줄 건수: 8
2026-08-06 16:07:41.578 [scheduling-1] INFO  AnalyzeScheduleParser -   [1] serverId: dlprem01-테스트개발, sourceFilePath: null, type: 주기, day: *, start: 000501, interval: 1, end: 230501
2026-08-06 16:07:41.578 [scheduling-1] INFO  AnalyzeScheduleParser -   [2] serverId: pamoap01-자동주문, sourceFilePath: null, type: 주기, day: *, start: 000501, interval: 2, end: 230501
2026-08-06 16:07:41.578 [scheduling-1] INFO  AnalyzeScheduleParser -   [3] serverId: pqgetap1-시세포착1, sourceFilePath: null, type: 주기, day: *, start: 000501, interval: 1, end: 230501
2026-08-06 16:07:41.578 [scheduling-1] INFO  AnalyzeScheduleParser -   [4] serverId: pqgetap2-시세포착2, sourceFilePath: null, type: 주기, day: *, start: 000501, interval: 2, end: 230501
2026-08-06 16:07:41.578 [scheduling-1] INFO  AnalyzeScheduleParser -   [5] serverId: pjpsap01-주파수클럽, sourceFilePath: null, type: 주기, day: *, start: 000501, interval: 1, end: 230501
2026-08-06 16:07:41.578 [scheduling-1] INFO  AnalyzeScheduleParser -   [6] serverId: pmaster2-마스터, sourceFilePath: null, type: 주기, day: *, start: 000501, interval: 2, end: 230501
2026-08-06 16:07:41.578 [scheduling-1] INFO  AnalyzeScheduleParser -   [7] serverId: ddfep01-해외시세, sourceFilePath: null, type: 주기, day: *, start: 000501, interval: 1, end: 230501
2026-08-06 16:07:41.578 [scheduling-1] INFO  AnalyzeScheduleParser -   [8] serverId: dcoodb01-주문체결, sourceFilePath: null, type: 주기, day: 1-5, start: 000501, interval: 2, end: 230501
2026-08-06 16:07:41.578 [scheduling-1] INFO  AnalyzeScheduler - [[[주기 분석 실행 결정]]] - serverId: dlprem01-테스트개발, file: null, 간격: 1분, 963번째 실행, day: *, start: 000501, end: 230501
2026-08-06 16:07:41.578 [scheduling-1] INFO  AnalyzeScheduler - [[[주기 분석 실행 결정]]] - serverId: pamoap01-자동주문, file: null, 간격: 2분, 482번째 실행, day: *, start: 000501, end: 230501
2026-08-06 16:07:41.578 [scheduling-1] INFO  AnalyzeScheduler - [[[주기 분석 실행 결정]]] - serverId: pqgetap1-시세포착1, file: null, 간격: 1분, 963번째 실행, day: *, start: 000501, end: 230501
2026-08-06 16:07:41.578 [scheduling-1] INFO  AnalyzeScheduler - [[[주기 분석 실행 결정]]] - serverId: pqgetap2-시세포착2, file: null, 간격: 2분, 482번째 실행, day: *, start: 000501, end: 230501
2026-08-06 16:07:41.578 [scheduling-1] INFO  AnalyzeScheduler - [[[주기 분석 실행 결정]]] - serverId: pjpsap01-주파수클럽, file: null, 간격: 1분, 963번째 실행, day: *, start: 000501, end: 230501
2026-08-06 16:07:41.578 [scheduling-1] INFO  AnalyzeScheduler - [[[주기 분석 실행 결정]]] - serverId: pmaster2-마스터, file: null, 간격: 2분, 482번째 실행, day: *, start: 000501, end: 230501
2026-08-06 16:07:41.578 [scheduling-1] INFO  AnalyzeScheduler - [[[주기 분석 실행 결정]]] - serverId: ddfep01-해외시세, file: null, 간격: 1분, 963번째 실행, day: *, start: 000501, end: 230501
2026-08-06 16:07:41.578 [scheduling-1] INFO  AnalyzeScheduler - [[[주기 분석 실행 결정]]] - serverId: dcoodb01-주문체결, file: null, 간격: 2분, 482번째 실행, day: 1-5, start: 000501, end: 230501
2026-08-06 16:07:41.580 [analyze-async-4] INFO  AnalyzeService - 분석 이력 등록 - historyId: 14561, serverId: pamoap01-자동주문, date: 20260806
2026-08-06 16:07:41.580 [analyze-async-2] INFO  AnalyzeService - 분석 이력 등록 - historyId: 14562, serverId: pqgetap2-시세포착2, date: 20260806
2026-08-06 16:07:41.580 [analyze-async-1] INFO  AnalyzeService - 분석 이력 등록 - historyId: 14563, serverId: pqgetap1-시세포착1, date: 20260806
2026-08-06 16:07:41.580 [analyze-async-3] INFO  AnalyzeService - 분석 이력 등록 - historyId: 14564, serverId: dlprem01-테스트개발, date: 20260806
2026-08-06 16:07:41.581 [analyze-async-5] INFO  AnalyzeService - 분석 이력 등록 - historyId: 14565, serverId: pjpsap01-주파수클럽, date: 20260806
2026-08-06 16:07:41.581 [analyze-async-4] INFO  AnalyzeRetryService - 분석 완료 - 서버: pamoap01-자동주문, 타입: 주기, 대상일: 20260806, 총: 0건, 에러: 0건, 경고: 0건
2026-08-06 16:07:41.581 [analyze-async-2] INFO  AnalyzeRetryService - 분석 완료 - 서버: pqgetap2-시세포착2, 타입: 주기, 대상일: 20260806, 총: 0건, 에러: 0건, 경고: 0건
2026-08-06 16:07:41.581 [analyze-async-1] INFO  AnalyzeRetryService - 분석 완료 - 서버: pqgetap1-시세포착1, 타입: 주기, 대상일: 20260806, 총: 0건, 에러: 0건, 경고: 0건
2026-08-06 16:07:41.582 [analyze-async-3] INFO  AnalyzeRetryService - 분석 완료 - 서버: dlprem01-테스트개발, 타입: 주기, 대상일: 20260806, 총: 0건, 에러: 0건, 경고: 0건
2026-08-06 16:07:41.582 [analyze-async-4] INFO  AnalyzeService - 분석 이력 등록 - historyId: 14566, serverId: pmaster2-마스터, date: 20260806
2026-08-06 16:07:41.582 [analyze-async-2] INFO  AnalyzeService - 분석 이력 등록 - historyId: 14567, serverId: ddfep01-해외시세, date: 20260806
2026-08-06 16:07:41.582 [analyze-async-1] INFO  AnalyzeService - 분석 이력 등록 - historyId: 14568, serverId: dcoodb01-주문체결, date: 20260806
2026-08-06 16:07:41.583 [analyze-async-4] INFO  AnalyzeRetryService - 분석 완료 - 서버: pmaster2-마스터, 타입: 주기, 대상일: 20260806, 총: 0건, 에러: 0건, 경고: 0건
2026-08-06 16:07:41.583 [analyze-async-2] INFO  AnalyzeRetryService - 분석 완료 - 서버: ddfep01-해외시세, 타입: 주기, 대상일: 20260806, 총: 0건, 에러: 0건, 경고: 0건
2026-08-06 16:07:41.584 [analyze-async-1] INFO  AnalyzeRetryService - 분석 완료 - 서버: dcoodb01-주문체결, 타입: 주기, 대상일: 20260806, 총: 0건, 에러: 0건, 경고: 0건
2026-08-06 16:07:41.587 [analyze-async-5] INFO  AnalyzeRetryService - 분석 완료 - 서버: pjpsap01-주파수클럽, 타입: 주기, 대상일: 20260806, 총: 0건, 에러: 0건, 경고: 0건
2026-08-06 16:07:42.685 [Test worker] INFO  UserCountSpikeMockTest - [28/60] 2026-08-06T16:07:42.685717900 → HTS:3232, MTS:1483, TOTAL:4715
2026-08-06 16:08:41.582 [scheduling-1] INFO  AnalyzeScheduleParser - ==============================================================
2026-08-06 16:08:41.582 [scheduling-1] INFO  AnalyzeScheduleParser - ==============================================================
2026-08-06 16:08:41.582 [scheduling-1] INFO  AnalyzeScheduleParser - 분석 스케줄 파일 파싱 시작 - filePath: C:\Users\20200161\Desktop\PreCheck_work\Precheck_project\Precheck_SKSCh1\precheck_collect\analyze\schedule_sample\PreCheck_AnalyzeLogs_Schedule.conf, absolutePath: C:\Users\20200161\Desktop\PreCheck_work\Precheck_project\Precheck_SKSCh1\precheck_collect\analyze\schedule_sample\PreCheck_AnalyzeLogs_Schedule.conf
2026-08-06 16:08:41.582 [scheduling-1] INFO  AnalyzeScheduleParser - 분석 스케줄 파일 파싱 완료 - absolutePath: C:\Users\20200161\Desktop\PreCheck_work\Precheck_project\Precheck_SKSCh1\precheck_collect\analyze\schedule_sample\PreCheck_AnalyzeLogs_Schedule.conf, 유효 스케줄 건수: 8
2026-08-06 16:08:41.582 [scheduling-1] INFO  AnalyzeScheduleParser -   [1] serverId: dlprem01-테스트개발, sourceFilePath: null, type: 주기, day: *, start: 000501, interval: 1, end: 230501
2026-08-06 16:08:41.582 [scheduling-1] INFO  AnalyzeScheduleParser -   [2] serverId: pamoap01-자동주문, sourceFilePath: null, type: 주기, day: *, start: 000501, interval: 2, end: 230501
2026-08-06 16:08:41.582 [scheduling-1] INFO  AnalyzeScheduleParser -   [3] serverId: pqgetap1-시세포착1, sourceFilePath: null, type: 주기, day: *, start: 000501, interval: 1, end: 230501
2026-08-06 16:08:41.582 [scheduling-1] INFO  AnalyzeScheduleParser -   [4] serverId: pqgetap2-시세포착2, sourceFilePath: null, type: 주기, day: *, start: 000501, interval: 2, end: 230501
2026-08-06 16:08:41.582 [scheduling-1] INFO  AnalyzeScheduleParser -   [5] serverId: pjpsap01-주파수클럽, sourceFilePath: null, type: 주기, day: *, start: 000501, interval: 1, end: 230501
2026-08-06 16:08:41.582 [scheduling-1] INFO  AnalyzeScheduleParser -   [6] serverId: pmaster2-마스터, sourceFilePath: null, type: 주기, day: *, start: 000501, interval: 2, end: 230501
2026-08-06 16:08:41.582 [scheduling-1] INFO  AnalyzeScheduleParser -   [7] serverId: ddfep01-해외시세, sourceFilePath: null, type: 주기, day: *, start: 000501, interval: 1, end: 230501
2026-08-06 16:08:41.582 [scheduling-1] INFO  AnalyzeScheduleParser -   [8] serverId: dcoodb01-주문체결, sourceFilePath: null, type: 주기, day: 1-5, start: 000501, interval: 2, end: 230501
2026-08-06 16:08:41.583 [scheduling-1] INFO  AnalyzeScheduler - [[[주기 분석 실행 결정]]] - serverId: dlprem01-테스트개발, file: null, 간격: 1분, 964번째 실행, day: *, start: 000501, end: 230501
2026-08-06 16:08:41.583 [scheduling-1] INFO  AnalyzeScheduler - [[[주기 분석 실행 결정]]] - serverId: pqgetap1-시세포착1, file: null, 간격: 1분, 964번째 실행, day: *, start: 000501, end: 230501
2026-08-06 16:08:41.583 [scheduling-1] INFO  AnalyzeScheduler - [[[주기 분석 실행 결정]]] - serverId: pjpsap01-주파수클럽, file: null, 간격: 1분, 964번째 실행, day: *, start: 000501, end: 230501
2026-08-06 16:08:41.583 [scheduling-1] INFO  AnalyzeScheduler - [[[주기 분석 실행 결정]]] - serverId: ddfep01-해외시세, file: null, 간격: 1분, 964번째 실행, day: *, start: 000501, end: 230501
2026-08-06 16:08:41.586 [analyze-async-3] INFO  AnalyzeService - 분석 이력 등록 - historyId: 14569, serverId: dlprem01-테스트개발, date: 20260806
2026-08-06 16:08:41.586 [analyze-async-1] INFO  AnalyzeService - 분석 이력 등록 - historyId: 14572, serverId: ddfep01-해외시세, date: 20260806
2026-08-06 16:08:41.586 [analyze-async-4] INFO  AnalyzeService - 분석 이력 등록 - historyId: 14570, serverId: pqgetap1-시세포착1, date: 20260806
2026-08-06 16:08:41.586 [analyze-async-2] INFO  AnalyzeService - 분석 이력 등록 - historyId: 14571, serverId: pjpsap01-주파수클럽, date: 20260806
2026-08-06 16:08:41.587 [analyze-async-3] INFO  AnalyzeRetryService - 분석 완료 - 서버: dlprem01-테스트개발, 타입: 주기, 대상일: 20260806, 총: 0건, 에러: 0건, 경고: 0건
2026-08-06 16:08:41.587 [analyze-async-1] INFO  AnalyzeRetryService - 분석 완료 - 서버: ddfep01-해외시세, 타입: 주기, 대상일: 20260806, 총: 0건, 에러: 0건, 경고: 0건
2026-08-06 16:08:41.587 [analyze-async-2] INFO  AnalyzeRetryService - 분석 완료 - 서버: pjpsap01-주파수클럽, 타입: 주기, 대상일: 20260806, 총: 0건, 에러: 0건, 경고: 0건
2026-08-06 16:08:41.588 [analyze-async-4] INFO  AnalyzeRetryService - 분석 완료 - 서버: pqgetap1-시세포착1, 타입: 주기, 대상일: 20260806, 총: 0건, 에러: 0건, 경고: 0건
2026-08-06 16:08:42.696 [Test worker] INFO  UserCountSpikeMockTest - [29/60] 2026-08-06T16:08:42.691556100 → HTS:3308, MTS:1610, TOTAL:4918
2026-08-06 16:09:41.585 [scheduling-1] INFO  AnalyzeScheduleParser - ==============================================================
2026-08-06 16:09:41.585 [scheduling-1] INFO  AnalyzeScheduleParser - ==============================================================
2026-08-06 16:09:41.585 [scheduling-1] INFO  AnalyzeScheduleParser - 분석 스케줄 파일 파싱 시작 - filePath: C:\Users\20200161\Desktop\PreCheck_work\Precheck_project\Precheck_SKSCh1\precheck_collect\analyze\schedule_sample\PreCheck_AnalyzeLogs_Schedule.conf, absolutePath: C:\Users\20200161\Desktop\PreCheck_work\Precheck_project\Precheck_SKSCh1\precheck_collect\analyze\schedule_sample\PreCheck_AnalyzeLogs_Schedule.conf
2026-08-06 16:09:41.586 [scheduling-1] INFO  AnalyzeScheduleParser - 분석 스케줄 파일 파싱 완료 - absolutePath: C:\Users\20200161\Desktop\PreCheck_work\Precheck_project\Precheck_SKSCh1\precheck_collect\analyze\schedule_sample\PreCheck_AnalyzeLogs_Schedule.conf, 유효 스케줄 건수: 8
2026-08-06 16:09:41.587 [scheduling-1] INFO  AnalyzeScheduleParser -   [1] serverId: dlprem01-테스트개발, sourceFilePath: null, type: 주기, day: *, start: 000501, interval: 1, end: 230501
2026-08-06 16:09:41.587 [scheduling-1] INFO  AnalyzeScheduleParser -   [2] serverId: pamoap01-자동주문, sourceFilePath: null, type: 주기, day: *, start: 000501, interval: 2, end: 230501
2026-08-06 16:09:41.587 [scheduling-1] INFO  AnalyzeScheduleParser -   [3] serverId: pqgetap1-시세포착1, sourceFilePath: null, type: 주기, day: *, start: 000501, interval: 1, end: 230501
2026-08-06 16:09:41.587 [scheduling-1] INFO  AnalyzeScheduleParser -   [4] serverId: pqgetap2-시세포착2, sourceFilePath: null, type: 주기, day: *, start: 000501, interval: 2, end: 230501
2026-08-06 16:09:41.587 [scheduling-1] INFO  AnalyzeScheduleParser -   [5] serverId: pjpsap01-주파수클럽, sourceFilePath: null, type: 주기, day: *, start: 000501, interval: 1, end: 230501
2026-08-06 16:09:41.587 [scheduling-1] INFO  AnalyzeScheduleParser -   [6] serverId: pmaster2-마스터, sourceFilePath: null, type: 주기, day: *, start: 000501, interval: 2, end: 230501
2026-08-06 16:09:41.587 [scheduling-1] INFO  AnalyzeScheduleParser -   [7] serverId: ddfep01-해외시세, sourceFilePath: null, type: 주기, day: *, start: 000501, interval: 1, end: 230501
2026-08-06 16:09:41.587 [scheduling-1] INFO  AnalyzeScheduleParser -   [8] serverId: dcoodb01-주문체결, sourceFilePath: null, type: 주기, day: 1-5, start: 000501, interval: 2, end: 230501
2026-08-06 16:09:41.587 [scheduling-1] INFO  AnalyzeScheduler - [[[주기 분석 실행 결정]]] - serverId: dlprem01-테스트개발, file: null, 간격: 1분, 965번째 실행, day: *, start: 000501, end: 230501
2026-08-06 16:09:41.587 [scheduling-1] INFO  AnalyzeScheduler - [[[주기 분석 실행 결정]]] - serverId: pamoap01-자동주문, file: null, 간격: 2분, 483번째 실행, day: *, start: 000501, end: 230501
2026-08-06 16:09:41.587 [scheduling-1] INFO  AnalyzeScheduler - [[[주기 분석 실행 결정]]] - serverId: pqgetap1-시세포착1, file: null, 간격: 1분, 965번째 실행, day: *, start: 000501, end: 230501
2026-08-06 16:09:41.588 [scheduling-1] INFO  AnalyzeScheduler - [[[주기 분석 실행 결정]]] - serverId: pqgetap2-시세포착2, file: null, 간격: 2분, 483번째 실행, day: *, start: 000501, end: 230501
2026-08-06 16:09:41.588 [scheduling-1] INFO  AnalyzeScheduler - [[[주기 분석 실행 결정]]] - serverId: pjpsap01-주파수클럽, file: null, 간격: 1분, 965번째 실행, day: *, start: 000501, end: 230501
2026-08-06 16:09:41.588 [scheduling-1] INFO  AnalyzeScheduler - [[[주기 분석 실행 결정]]] - serverId: pmaster2-마스터, file: null, 간격: 2분, 483번째 실행, day: *, start: 000501, end: 230501
2026-08-06 16:09:41.588 [scheduling-1] INFO  AnalyzeScheduler - [[[주기 분석 실행 결정]]] - serverId: ddfep01-해외시세, file: null, 간격: 1분, 965번째 실행, day: *, start: 000501, end: 230501
2026-08-06 16:09:41.588 [scheduling-1] INFO  AnalyzeScheduler - [[[주기 분석 실행 결정]]] - serverId: dcoodb01-주문체결, file: null, 간격: 2분, 483번째 실행, day: 1-5, start: 000501, end: 230501
2026-08-06 16:09:41.592 [analyze-async-3] INFO  AnalyzeService - 분석 이력 등록 - historyId: 14573, serverId: pamoap01-자동주문, date: 20260806
2026-08-06 16:09:41.592 [analyze-async-2] INFO  AnalyzeService - 분석 이력 등록 - historyId: 14576, serverId: pqgetap2-시세포착2, date: 20260806
2026-08-06 16:09:41.592 [analyze-async-1] INFO  AnalyzeService - 분석 이력 등록 - historyId: 14575, serverId: pqgetap1-시세포착1, date: 20260806
2026-08-06 16:09:41.592 [analyze-async-5] INFO  AnalyzeService - 분석 이력 등록 - historyId: 14574, serverId: dlprem01-테스트개발, date: 20260806
2026-08-06 16:09:41.594 [analyze-async-4] INFO  AnalyzeService - 분석 이력 등록 - historyId: 14577, serverId: pjpsap01-주파수클럽, date: 20260806
2026-08-06 16:09:41.595 [analyze-async-3] INFO  AnalyzeRetryService - 분석 완료 - 서버: pamoap01-자동주문, 타입: 주기, 대상일: 20260806, 총: 0건, 에러: 0건, 경고: 0건
2026-08-06 16:09:41.595 [analyze-async-2] INFO  AnalyzeRetryService - 분석 완료 - 서버: pqgetap2-시세포착2, 타입: 주기, 대상일: 20260806, 총: 0건, 에러: 0건, 경고: 0건
2026-08-06 16:09:41.595 [analyze-async-1] INFO  AnalyzeRetryService - 분석 완료 - 서버: pqgetap1-시세포착1, 타입: 주기, 대상일: 20260806, 총: 0건, 에러: 0건, 경고: 0건
2026-08-06 16:09:41.595 [analyze-async-5] INFO  AnalyzeRetryService - 분석 완료 - 서버: dlprem01-테스트개발, 타입: 주기, 대상일: 20260806, 총: 0건, 에러: 0건, 경고: 0건
2026-08-06 16:09:41.596 [analyze-async-3] INFO  AnalyzeService - 분석 이력 등록 - historyId: 14578, serverId: pmaster2-마스터, date: 20260806
2026-08-06 16:09:41.596 [analyze-async-2] INFO  AnalyzeService - 분석 이력 등록 - historyId: 14579, serverId: ddfep01-해외시세, date: 20260806
2026-08-06 16:09:41.596 [analyze-async-1] INFO  AnalyzeService - 분석 이력 등록 - historyId: 14580, serverId: dcoodb01-주문체결, date: 20260806
2026-08-06 16:09:41.597 [analyze-async-1] INFO  AnalyzeRetryService - 분석 완료 - 서버: dcoodb01-주문체결, 타입: 주기, 대상일: 20260806, 총: 0건, 에러: 0건, 경고: 0건
2026-08-06 16:09:41.597 [analyze-async-2] INFO  AnalyzeRetryService - 분석 완료 - 서버: ddfep01-해외시세, 타입: 주기, 대상일: 20260806, 총: 0건, 에러: 0건, 경고: 0건
2026-08-06 16:09:41.597 [analyze-async-3] INFO  AnalyzeRetryService - 분석 완료 - 서버: pmaster2-마스터, 타입: 주기, 대상일: 20260806, 총: 0건, 에러: 0건, 경고: 0건
2026-08-06 16:09:41.600 [analyze-async-4] INFO  AnalyzeRetryService - 분석 완료 - 서버: pjpsap01-주파수클럽, 타입: 주기, 대상일: 20260806, 총: 0건, 에러: 0건, 경고: 0건
2026-08-06 16:09:42.702 [Test worker] INFO  UserCountSpikeMockTest - [30/60] 2026-08-06T16:09:42.699405900 → HTS:3053, MTS:1769, TOTAL:4822
2026-08-06 16:10:41.591 [scheduling-1] INFO  AnalyzeScheduleParser - ==============================================================
2026-08-06 16:10:41.591 [scheduling-1] INFO  AnalyzeScheduleParser - ==============================================================
2026-08-06 16:10:41.592 [scheduling-1] INFO  AnalyzeScheduleParser - 분석 스케줄 파일 파싱 시작 - filePath: C:\Users\20200161\Desktop\PreCheck_work\Precheck_project\Precheck_SKSCh1\precheck_collect\analyze\schedule_sample\PreCheck_AnalyzeLogs_Schedule.conf, absolutePath: C:\Users\20200161\Desktop\PreCheck_work\Precheck_project\Precheck_SKSCh1\precheck_collect\analyze\schedule_sample\PreCheck_AnalyzeLogs_Schedule.conf
2026-08-06 16:10:41.593 [scheduling-1] INFO  AnalyzeScheduleParser - 분석 스케줄 파일 파싱 완료 - absolutePath: C:\Users\20200161\Desktop\PreCheck_work\Precheck_project\Precheck_SKSCh1\precheck_collect\analyze\schedule_sample\PreCheck_AnalyzeLogs_Schedule.conf, 유효 스케줄 건수: 8
2026-08-06 16:10:41.594 [scheduling-1] INFO  AnalyzeScheduleParser -   [1] serverId: dlprem01-테스트개발, sourceFilePath: null, type: 주기, day: *, start: 000501, interval: 1, end: 230501
2026-08-06 16:10:41.594 [scheduling-1] INFO  AnalyzeScheduleParser -   [2] serverId: pamoap01-자동주문, sourceFilePath: null, type: 주기, day: *, start: 000501, interval: 2, end: 230501
2026-08-06 16:10:41.594 [scheduling-1] INFO  AnalyzeScheduleParser -   [3] serverId: pqgetap1-시세포착1, sourceFilePath: null, type: 주기, day: *, start: 000501, interval: 1, end: 230501
2026-08-06 16:10:41.594 [scheduling-1] INFO  AnalyzeScheduleParser -   [4] serverId: pqgetap2-시세포착2, sourceFilePath: null, type: 주기, day: *, start: 000501, interval: 2, end: 230501
2026-08-06 16:10:41.594 [scheduling-1] INFO  AnalyzeScheduleParser -   [5] serverId: pjpsap01-주파수클럽, sourceFilePath: null, type: 주기, day: *, start: 000501, interval: 1, end: 230501
2026-08-06 16:10:41.594 [scheduling-1] INFO  AnalyzeScheduleParser -   [6] serverId: pmaster2-마스터, sourceFilePath: null, type: 주기, day: *, start: 000501, interval: 2, end: 230501
2026-08-06 16:10:41.594 [scheduling-1] INFO  AnalyzeScheduleParser -   [7] serverId: ddfep01-해외시세, sourceFilePath: null, type: 주기, day: *, start: 000501, interval: 1, end: 230501
2026-08-06 16:10:41.594 [scheduling-1] INFO  AnalyzeScheduleParser -   [8] serverId: dcoodb01-주문체결, sourceFilePath: null, type: 주기, day: 1-5, start: 000501, interval: 2, end: 230501
2026-08-06 16:10:41.595 [scheduling-1] INFO  AnalyzeScheduler - [[[주기 분석 실행 결정]]] - serverId: dlprem01-테스트개발, file: null, 간격: 1분, 966번째 실행, day: *, start: 000501, end: 230501
2026-08-06 16:10:41.595 [scheduling-1] INFO  AnalyzeScheduler - [[[주기 분석 실행 결정]]] - serverId: pqgetap1-시세포착1, file: null, 간격: 1분, 966번째 실행, day: *, start: 000501, end: 230501
2026-08-06 16:10:41.595 [scheduling-1] INFO  AnalyzeScheduler - [[[주기 분석 실행 결정]]] - serverId: pjpsap01-주파수클럽, file: null, 간격: 1분, 966번째 실행, day: *, start: 000501, end: 230501
2026-08-06 16:10:41.595 [scheduling-1] INFO  AnalyzeScheduler - [[[주기 분석 실행 결정]]] - serverId: ddfep01-해외시세, file: null, 간격: 1분, 966번째 실행, day: *, start: 000501, end: 230501
2026-08-06 16:10:41.601 [analyze-async-1] INFO  AnalyzeService - 분석 이력 등록 - historyId: 14581, serverId: pqgetap1-시세포착1, date: 20260806
2026-08-06 16:10:41.602 [analyze-async-5] INFO  AnalyzeService - 분석 이력 등록 - historyId: 14583, serverId: dlprem01-테스트개발, date: 20260806
2026-08-06 16:10:41.602 [analyze-async-2] INFO  AnalyzeService - 분석 이력 등록 - historyId: 14582, serverId: pjpsap01-주파수클럽, date: 20260806
2026-08-06 16:10:41.602 [analyze-async-3] INFO  AnalyzeService - 분석 이력 등록 - historyId: 14584, serverId: ddfep01-해외시세, date: 20260806
2026-08-06 16:10:41.604 [analyze-async-1] INFO  AnalyzeRetryService - 분석 완료 - 서버: pqgetap1-시세포착1, 타입: 주기, 대상일: 20260806, 총: 0건, 에러: 0건, 경고: 0건
2026-08-06 16:10:41.604 [analyze-async-2] INFO  AnalyzeRetryService - 분석 완료 - 서버: pjpsap01-주파수클럽, 타입: 주기, 대상일: 20260806, 총: 0건, 에러: 0건, 경고: 0건
2026-08-06 16:10:41.604 [analyze-async-3] INFO  AnalyzeRetryService - 분석 완료 - 서버: ddfep01-해외시세, 타입: 주기, 대상일: 20260806, 총: 0건, 에러: 0건, 경고: 0건
2026-08-06 16:10:41.604 [analyze-async-5] INFO  AnalyzeRetryService - 분석 완료 - 서버: dlprem01-테스트개발, 타입: 주기, 대상일: 20260806, 총: 0건, 에러: 0건, 경고: 0건
2026-08-06 16:10:42.723 [Test worker] INFO  UserCountSpikeMockTest - [31/60] 2026-08-06T16:10:42.718278200 → HTS:3081, MTS:1989, TOTAL:5070
2026-08-06 16:11:41.597 [scheduling-1] INFO  AnalyzeScheduleParser - ==============================================================
2026-08-06 16:11:41.597 [scheduling-1] INFO  AnalyzeScheduleParser - ==============================================================
2026-08-06 16:11:41.597 [scheduling-1] INFO  AnalyzeScheduleParser - 분석 스케줄 파일 파싱 시작 - filePath: C:\Users\20200161\Desktop\PreCheck_work\Precheck_project\Precheck_SKSCh1\precheck_collect\analyze\schedule_sample\PreCheck_AnalyzeLogs_Schedule.conf, absolutePath: C:\Users\20200161\Desktop\PreCheck_work\Precheck_project\Precheck_SKSCh1\precheck_collect\analyze\schedule_sample\PreCheck_AnalyzeLogs_Schedule.conf
2026-08-06 16:11:41.599 [scheduling-1] INFO  AnalyzeScheduleParser - 분석 스케줄 파일 파싱 완료 - absolutePath: C:\Users\20200161\Desktop\PreCheck_work\Precheck_project\Precheck_SKSCh1\precheck_collect\analyze\schedule_sample\PreCheck_AnalyzeLogs_Schedule.conf, 유효 스케줄 건수: 8
2026-08-06 16:11:41.599 [scheduling-1] INFO  AnalyzeScheduleParser -   [1] serverId: dlprem01-테스트개발, sourceFilePath: null, type: 주기, day: *, start: 000501, interval: 1, end: 230501
2026-08-06 16:11:41.599 [scheduling-1] INFO  AnalyzeScheduleParser -   [2] serverId: pamoap01-자동주문, sourceFilePath: null, type: 주기, day: *, start: 000501, interval: 2, end: 230501
2026-08-06 16:11:41.599 [scheduling-1] INFO  AnalyzeScheduleParser -   [3] serverId: pqgetap1-시세포착1, sourceFilePath: null, type: 주기, day: *, start: 000501, interval: 1, end: 230501
2026-08-06 16:11:41.599 [scheduling-1] INFO  AnalyzeScheduleParser -   [4] serverId: pqgetap2-시세포착2, sourceFilePath: null, type: 주기, day: *, start: 000501, interval: 2, end: 230501
2026-08-06 16:11:41.599 [scheduling-1] INFO  AnalyzeScheduleParser -   [5] serverId: pjpsap01-주파수클럽, sourceFilePath: null, type: 주기, day: *, start: 000501, interval: 1, end: 230501
2026-08-06 16:11:41.599 [scheduling-1] INFO  AnalyzeScheduleParser -   [6] serverId: pmaster2-마스터, sourceFilePath: null, type: 주기, day: *, start: 000501, interval: 2, end: 230501
2026-08-06 16:11:41.599 [scheduling-1] INFO  AnalyzeScheduleParser -   [7] serverId: ddfep01-해외시세, sourceFilePath: null, type: 주기, day: *, start: 000501, interval: 1, end: 230501
2026-08-06 16:11:41.599 [scheduling-1] INFO  AnalyzeScheduleParser -   [8] serverId: dcoodb01-주문체결, sourceFilePath: null, type: 주기, day: 1-5, start: 000501, interval: 2, end: 230501
2026-08-06 16:11:41.599 [scheduling-1] INFO  AnalyzeScheduler - [[[주기 분석 실행 결정]]] - serverId: dlprem01-테스트개발, file: null, 간격: 1분, 967번째 실행, day: *, start: 000501, end: 230501
2026-08-06 16:11:41.600 [scheduling-1] INFO  AnalyzeScheduler - [[[주기 분석 실행 결정]]] - serverId: pamoap01-자동주문, file: null, 간격: 2분, 484번째 실행, day: *, start: 000501, end: 230501
2026-08-06 16:11:41.600 [scheduling-1] INFO  AnalyzeScheduler - [[[주기 분석 실행 결정]]] - serverId: pqgetap1-시세포착1, file: null, 간격: 1분, 967번째 실행, day: *, start: 000501, end: 230501
2026-08-06 16:11:41.600 [scheduling-1] INFO  AnalyzeScheduler - [[[주기 분석 실행 결정]]] - serverId: pqgetap2-시세포착2, file: null, 간격: 2분, 484번째 실행, day: *, start: 000501, end: 230501
2026-08-06 16:11:41.600 [scheduling-1] INFO  AnalyzeScheduler - [[[주기 분석 실행 결정]]] - serverId: pjpsap01-주파수클럽, file: null, 간격: 1분, 967번째 실행, day: *, start: 000501, end: 230501
2026-08-06 16:11:41.600 [scheduling-1] INFO  AnalyzeScheduler - [[[주기 분석 실행 결정]]] - serverId: pmaster2-마스터, file: null, 간격: 2분, 484번째 실행, day: *, start: 000501, end: 230501
2026-08-06 16:11:41.600 [scheduling-1] INFO  AnalyzeScheduler - [[[주기 분석 실행 결정]]] - serverId: ddfep01-해외시세, file: null, 간격: 1분, 967번째 실행, day: *, start: 000501, end: 230501
2026-08-06 16:11:41.600 [scheduling-1] INFO  AnalyzeScheduler - [[[주기 분석 실행 결정]]] - serverId: dcoodb01-주문체결, file: null, 간격: 2분, 484번째 실행, day: 1-5, start: 000501, end: 230501
2026-08-06 16:11:41.605 [analyze-async-1] INFO  AnalyzeService - 분석 이력 등록 - historyId: 14585, serverId: pamoap01-자동주문, date: 20260806
2026-08-06 16:11:41.605 [analyze-async-2] INFO  AnalyzeService - 분석 이력 등록 - historyId: 14586, serverId: pqgetap1-시세포착1, date: 20260806
2026-08-06 16:11:41.605 [analyze-async-3] INFO  AnalyzeService - 분석 이력 등록 - historyId: 14588, serverId: pqgetap2-시세포착2, date: 20260806
2026-08-06 16:11:41.605 [analyze-async-4] INFO  AnalyzeService - 분석 이력 등록 - historyId: 14587, serverId: dlprem01-테스트개발, date: 20260806
2026-08-06 16:11:41.606 [analyze-async-5] INFO  AnalyzeService - 분석 이력 등록 - historyId: 14589, serverId: pjpsap01-주파수클럽, date: 20260806
2026-08-06 16:11:41.607 [analyze-async-1] INFO  AnalyzeRetryService - 분석 완료 - 서버: pamoap01-자동주문, 타입: 주기, 대상일: 20260806, 총: 0건, 에러: 0건, 경고: 0건
2026-08-06 16:11:41.607 [analyze-async-2] INFO  AnalyzeRetryService - 분석 완료 - 서버: pqgetap1-시세포착1, 타입: 주기, 대상일: 20260806, 총: 0건, 에러: 0건, 경고: 0건
2026-08-06 16:11:41.608 [analyze-async-4] INFO  AnalyzeRetryService - 분석 완료 - 서버: dlprem01-테스트개발, 타입: 주기, 대상일: 20260806, 총: 0건, 에러: 0건, 경고: 0건
2026-08-06 16:11:41.608 [analyze-async-3] INFO  AnalyzeRetryService - 분석 완료 - 서버: pqgetap2-시세포착2, 타입: 주기, 대상일: 20260806, 총: 0건, 에러: 0건, 경고: 0건
2026-08-06 16:11:41.608 [analyze-async-1] INFO  AnalyzeService - 분석 이력 등록 - historyId: 14590, serverId: pmaster2-마스터, date: 20260806
2026-08-06 16:11:41.608 [analyze-async-2] INFO  AnalyzeService - 분석 이력 등록 - historyId: 14591, serverId: ddfep01-해외시세, date: 20260806
2026-08-06 16:11:41.608 [analyze-async-4] INFO  AnalyzeService - 분석 이력 등록 - historyId: 14592, serverId: dcoodb01-주문체결, date: 20260806
2026-08-06 16:11:41.609 [analyze-async-1] INFO  AnalyzeRetryService - 분석 완료 - 서버: pmaster2-마스터, 타입: 주기, 대상일: 20260806, 총: 0건, 에러: 0건, 경고: 0건
2026-08-06 16:11:41.610 [analyze-async-2] INFO  AnalyzeRetryService - 분석 완료 - 서버: ddfep01-해외시세, 타입: 주기, 대상일: 20260806, 총: 0건, 에러: 0건, 경고: 0건
2026-08-06 16:11:41.610 [analyze-async-4] INFO  AnalyzeRetryService - 분석 완료 - 서버: dcoodb01-주문체결, 타입: 주기, 대상일: 20260806, 총: 0건, 에러: 0건, 경고: 0건
2026-08-06 16:11:41.612 [analyze-async-5] INFO  AnalyzeRetryService - 분석 완료 - 서버: pjpsap01-주파수클럽, 타입: 주기, 대상일: 20260806, 총: 0건, 에러: 0건, 경고: 0건
2026-08-06 16:11:42.740 [Test worker] INFO  UserCountSpikeMockTest - [32/60] 2026-08-06T16:11:42.729102500 → HTS:3231, MTS:2204, TOTAL:5435
2026-08-06 16:12:41.606 [scheduling-1] INFO  AnalyzeScheduleParser - ==============================================================
2026-08-06 16:12:41.606 [scheduling-1] INFO  AnalyzeScheduleParser - ==============================================================
2026-08-06 16:12:41.606 [scheduling-1] INFO  AnalyzeScheduleParser - 분석 스케줄 파일 파싱 시작 - filePath: C:\Users\20200161\Desktop\PreCheck_work\Precheck_project\Precheck_SKSCh1\precheck_collect\analyze\schedule_sample\PreCheck_AnalyzeLogs_Schedule.conf, absolutePath: C:\Users\20200161\Desktop\PreCheck_work\Precheck_project\Precheck_SKSCh1\precheck_collect\analyze\schedule_sample\PreCheck_AnalyzeLogs_Schedule.conf
2026-08-06 16:12:41.606 [scheduling-1] INFO  AnalyzeScheduleParser - 분석 스케줄 파일 파싱 완료 - absolutePath: C:\Users\20200161\Desktop\PreCheck_work\Precheck_project\Precheck_SKSCh1\precheck_collect\analyze\schedule_sample\PreCheck_AnalyzeLogs_Schedule.conf, 유효 스케줄 건수: 8
2026-08-06 16:12:41.606 [scheduling-1] INFO  AnalyzeScheduleParser -   [1] serverId: dlprem01-테스트개발, sourceFilePath: null, type: 주기, day: *, start: 000501, interval: 1, end: 230501
2026-08-06 16:12:41.606 [scheduling-1] INFO  AnalyzeScheduleParser -   [2] serverId: pamoap01-자동주문, sourceFilePath: null, type: 주기, day: *, start: 000501, interval: 2, end: 230501
2026-08-06 16:12:41.606 [scheduling-1] INFO  AnalyzeScheduleParser -   [3] serverId: pqgetap1-시세포착1, sourceFilePath: null, type: 주기, day: *, start: 000501, interval: 1, end: 230501
2026-08-06 16:12:41.606 [scheduling-1] INFO  AnalyzeScheduleParser -   [4] serverId: pqgetap2-시세포착2, sourceFilePath: null, type: 주기, day: *, start: 000501, interval: 2, end: 230501
2026-08-06 16:12:41.606 [scheduling-1] INFO  AnalyzeScheduleParser -   [5] serverId: pjpsap01-주파수클럽, sourceFilePath: null, type: 주기, day: *, start: 000501, interval: 1, end: 230501
2026-08-06 16:12:41.606 [scheduling-1] INFO  AnalyzeScheduleParser -   [6] serverId: pmaster2-마스터, sourceFilePath: null, type: 주기, day: *, start: 000501, interval: 2, end: 230501
2026-08-06 16:12:41.606 [scheduling-1] INFO  AnalyzeScheduleParser -   [7] serverId: ddfep01-해외시세, sourceFilePath: null, type: 주기, day: *, start: 000501, interval: 1, end: 230501
2026-08-06 16:12:41.606 [scheduling-1] INFO  AnalyzeScheduleParser -   [8] serverId: dcoodb01-주문체결, sourceFilePath: null, type: 주기, day: 1-5, start: 000501, interval: 2, end: 230501
2026-08-06 16:12:41.616 [scheduling-1] INFO  AnalyzeScheduler - [[[주기 분석 실행 결정]]] - serverId: dlprem01-테스트개발, file: null, 간격: 1분, 968번째 실행, day: *, start: 000501, end: 230501
2026-08-06 16:12:41.616 [scheduling-1] INFO  AnalyzeScheduler - [[[주기 분석 실행 결정]]] - serverId: pqgetap1-시세포착1, file: null, 간격: 1분, 968번째 실행, day: *, start: 000501, end: 230501
2026-08-06 16:12:41.616 [scheduling-1] INFO  AnalyzeScheduler - [[[주기 분석 실행 결정]]] - serverId: pjpsap01-주파수클럽, file: null, 간격: 1분, 968번째 실행, day: *, start: 000501, end: 230501
2026-08-06 16:12:41.616 [scheduling-1] INFO  AnalyzeScheduler - [[[주기 분석 실행 결정]]] - serverId: ddfep01-해외시세, file: null, 간격: 1분, 968번째 실행, day: *, start: 000501, end: 230501
2026-08-06 16:12:41.620 [analyze-async-4] INFO  AnalyzeService - 분석 이력 등록 - historyId: 14596, serverId: ddfep01-해외시세, date: 20260806
2026-08-06 16:12:41.620 [analyze-async-1] INFO  AnalyzeService - 분석 이력 등록 - historyId: 14594, serverId: pqgetap1-시세포착1, date: 20260806
2026-08-06 16:12:41.621 [analyze-async-2] INFO  AnalyzeService - 분석 이력 등록 - historyId: 14595, serverId: pjpsap01-주파수클럽, date: 20260806
2026-08-06 16:12:41.621 [analyze-async-3] INFO  AnalyzeService - 분석 이력 등록 - historyId: 14593, serverId: dlprem01-테스트개발, date: 20260806
2026-08-06 16:12:41.621 [analyze-async-3] INFO  AnalyzeRetryService - 분석 완료 - 서버: dlprem01-테스트개발, 타입: 주기, 대상일: 20260806, 총: 0건, 에러: 0건, 경고: 0건
2026-08-06 16:12:41.621 [analyze-async-4] INFO  AnalyzeRetryService - 분석 완료 - 서버: ddfep01-해외시세, 타입: 주기, 대상일: 20260806, 총: 0건, 에러: 0건, 경고: 0건
2026-08-06 16:12:41.621 [analyze-async-1] INFO  AnalyzeRetryService - 분석 완료 - 서버: pqgetap1-시세포착1, 타입: 주기, 대상일: 20260806, 총: 0건, 에러: 0건, 경고: 0건
2026-08-06 16:12:41.621 [analyze-async-2] INFO  AnalyzeRetryService - 분석 완료 - 서버: pjpsap01-주파수클럽, 타입: 주기, 대상일: 20260806, 총: 0건, 에러: 0건, 경고: 0건
2026-08-06 16:12:42.756 [Test worker] INFO  UserCountSpikeMockTest - [33/60] 2026-08-06T16:12:42.747771600 → HTS:3299, MTS:2369, TOTAL:5668
2026-08-06 16:13:41.617 [scheduling-1] INFO  AnalyzeScheduleParser - ==============================================================
2026-08-06 16:13:41.617 [scheduling-1] INFO  AnalyzeScheduleParser - ==============================================================
2026-08-06 16:13:41.617 [scheduling-1] INFO  AnalyzeScheduleParser - 분석 스케줄 파일 파싱 시작 - filePath: C:\Users\20200161\Desktop\PreCheck_work\Precheck_project\Precheck_SKSCh1\precheck_collect\analyze\schedule_sample\PreCheck_AnalyzeLogs_Schedule.conf, absolutePath: C:\Users\20200161\Desktop\PreCheck_work\Precheck_project\Precheck_SKSCh1\precheck_collect\analyze\schedule_sample\PreCheck_AnalyzeLogs_Schedule.conf
2026-08-06 16:13:41.618 [scheduling-1] INFO  AnalyzeScheduleParser - 분석 스케줄 파일 파싱 완료 - absolutePath: C:\Users\20200161\Desktop\PreCheck_work\Precheck_project\Precheck_SKSCh1\precheck_collect\analyze\schedule_sample\PreCheck_AnalyzeLogs_Schedule.conf, 유효 스케줄 건수: 8
2026-08-06 16:13:41.618 [scheduling-1] INFO  AnalyzeScheduleParser -   [1] serverId: dlprem01-테스트개발, sourceFilePath: null, type: 주기, day: *, start: 000501, interval: 1, end: 230501
2026-08-06 16:13:41.618 [scheduling-1] INFO  AnalyzeScheduleParser -   [2] serverId: pamoap01-자동주문, sourceFilePath: null, type: 주기, day: *, start: 000501, interval: 2, end: 230501
2026-08-06 16:13:41.618 [scheduling-1] INFO  AnalyzeScheduleParser -   [3] serverId: pqgetap1-시세포착1, sourceFilePath: null, type: 주기, day: *, start: 000501, interval: 1, end: 230501
2026-08-06 16:13:41.619 [scheduling-1] INFO  AnalyzeScheduleParser -   [4] serverId: pqgetap2-시세포착2, sourceFilePath: null, type: 주기, day: *, start: 000501, interval: 2, end: 230501
2026-08-06 16:13:41.619 [scheduling-1] INFO  AnalyzeScheduleParser -   [5] serverId: pjpsap01-주파수클럽, sourceFilePath: null, type: 주기, day: *, start: 000501, interval: 1, end: 230501
2026-08-06 16:13:41.619 [scheduling-1] INFO  AnalyzeScheduleParser -   [6] serverId: pmaster2-마스터, sourceFilePath: null, type: 주기, day: *, start: 000501, interval: 2, end: 230501
2026-08-06 16:13:41.619 [scheduling-1] INFO  AnalyzeScheduleParser -   [7] serverId: ddfep01-해외시세, sourceFilePath: null, type: 주기, day: *, start: 000501, interval: 1, end: 230501
2026-08-06 16:13:41.619 [scheduling-1] INFO  AnalyzeScheduleParser -   [8] serverId: dcoodb01-주문체결, sourceFilePath: null, type: 주기, day: 1-5, start: 000501, interval: 2, end: 230501
2026-08-06 16:13:41.619 [scheduling-1] INFO  AnalyzeScheduler - [[[주기 분석 실행 결정]]] - serverId: dlprem01-테스트개발, file: null, 간격: 1분, 969번째 실행, day: *, start: 000501, end: 230501
2026-08-06 16:13:41.619 [scheduling-1] INFO  AnalyzeScheduler - [[[주기 분석 실행 결정]]] - serverId: pamoap01-자동주문, file: null, 간격: 2분, 485번째 실행, day: *, start: 000501, end: 230501
2026-08-06 16:13:41.619 [scheduling-1] INFO  AnalyzeScheduler - [[[주기 분석 실행 결정]]] - serverId: pqgetap1-시세포착1, file: null, 간격: 1분, 969번째 실행, day: *, start: 000501, end: 230501
2026-08-06 16:13:41.619 [scheduling-1] INFO  AnalyzeScheduler - [[[주기 분석 실행 결정]]] - serverId: pqgetap2-시세포착2, file: null, 간격: 2분, 485번째 실행, day: *, start: 000501, end: 230501
2026-08-06 16:13:41.619 [scheduling-1] INFO  AnalyzeScheduler - [[[주기 분석 실행 결정]]] - serverId: pjpsap01-주파수클럽, file: null, 간격: 1분, 969번째 실행, day: *, start: 000501, end: 230501
2026-08-06 16:13:41.619 [scheduling-1] INFO  AnalyzeScheduler - [[[주기 분석 실행 결정]]] - serverId: pmaster2-마스터, file: null, 간격: 2분, 485번째 실행, day: *, start: 000501, end: 230501
2026-08-06 16:13:41.620 [scheduling-1] INFO  AnalyzeScheduler - [[[주기 분석 실행 결정]]] - serverId: ddfep01-해외시세, file: null, 간격: 1분, 969번째 실행, day: *, start: 000501, end: 230501
2026-08-06 16:13:41.620 [scheduling-1] INFO  AnalyzeScheduler - [[[주기 분석 실행 결정]]] - serverId: dcoodb01-주문체결, file: null, 간격: 2분, 485번째 실행, day: 1-5, start: 000501, end: 230501
2026-08-06 16:13:41.624 [analyze-async-1] INFO  AnalyzeService - 분석 이력 등록 - historyId: 14599, serverId: pqgetap2-시세포착2, date: 20260806
2026-08-06 16:13:41.624 [analyze-async-2] INFO  AnalyzeService - 분석 이력 등록 - historyId: 14600, serverId: pjpsap01-주파수클럽, date: 20260806
2026-08-06 16:13:41.624 [analyze-async-3] INFO  AnalyzeService - 분석 이력 등록 - historyId: 14598, serverId: pamoap01-자동주문, date: 20260806
2026-08-06 16:13:41.624 [analyze-async-4] INFO  AnalyzeService - 분석 이력 등록 - historyId: 14597, serverId: pqgetap1-시세포착1, date: 20260806
2026-08-06 16:13:41.625 [analyze-async-5] INFO  AnalyzeService - 분석 이력 등록 - historyId: 14601, serverId: dlprem01-테스트개발, date: 20260806
2026-08-06 16:13:41.627 [analyze-async-1] INFO  AnalyzeRetryService - 분석 완료 - 서버: pqgetap2-시세포착2, 타입: 주기, 대상일: 20260806, 총: 0건, 에러: 0건, 경고: 0건
2026-08-06 16:13:41.628 [analyze-async-4] INFO  AnalyzeRetryService - 분석 완료 - 서버: pqgetap1-시세포착1, 타입: 주기, 대상일: 20260806, 총: 0건, 에러: 0건, 경고: 0건
2026-08-06 16:13:41.628 [analyze-async-2] INFO  AnalyzeRetryService - 분석 완료 - 서버: pjpsap01-주파수클럽, 타입: 주기, 대상일: 20260806, 총: 0건, 에러: 0건, 경고: 0건
2026-08-06 16:13:41.628 [analyze-async-3] INFO  AnalyzeRetryService - 분석 완료 - 서버: pamoap01-자동주문, 타입: 주기, 대상일: 20260806, 총: 0건, 에러: 0건, 경고: 0건
2026-08-06 16:13:41.628 [analyze-async-5] INFO  AnalyzeRetryService - 분석 완료 - 서버: dlprem01-테스트개발, 타입: 주기, 대상일: 20260806, 총: 0건, 에러: 0건, 경고: 0건
2026-08-06 16:13:41.629 [analyze-async-1] INFO  AnalyzeService - 분석 이력 등록 - historyId: 14602, serverId: pmaster2-마스터, date: 20260806
2026-08-06 16:13:41.629 [analyze-async-4] INFO  AnalyzeService - 분석 이력 등록 - historyId: 14603, serverId: ddfep01-해외시세, date: 20260806
2026-08-06 16:13:41.629 [analyze-async-2] INFO  AnalyzeService - 분석 이력 등록 - historyId: 14604, serverId: dcoodb01-주문체결, date: 20260806
2026-08-06 16:13:41.630 [analyze-async-1] INFO  AnalyzeRetryService - 분석 완료 - 서버: pmaster2-마스터, 타입: 주기, 대상일: 20260806, 총: 0건, 에러: 0건, 경고: 0건
2026-08-06 16:13:41.631 [analyze-async-2] INFO  AnalyzeRetryService - 분석 완료 - 서버: dcoodb01-주문체결, 타입: 주기, 대상일: 20260806, 총: 0건, 에러: 0건, 경고: 0건
2026-08-06 16:13:41.631 [analyze-async-4] INFO  AnalyzeRetryService - 분석 완료 - 서버: ddfep01-해외시세, 타입: 주기, 대상일: 20260806, 총: 0건, 에러: 0건, 경고: 0건
2026-08-06 16:13:42.766 [Test worker] INFO  UserCountSpikeMockTest - [34/60] 2026-08-06T16:13:42.764160800 → HTS:3432, MTS:2028, TOTAL:5460
2026-08-06 16:14:41.622 [scheduling-1] INFO  AnalyzeScheduleParser - ==============================================================
2026-08-06 16:14:41.622 [scheduling-1] INFO  AnalyzeScheduleParser - ==============================================================
2026-08-06 16:14:41.622 [scheduling-1] INFO  AnalyzeScheduleParser - 분석 스케줄 파일 파싱 시작 - filePath: C:\Users\20200161\Desktop\PreCheck_work\Precheck_project\Precheck_SKSCh1\precheck_collect\analyze\schedule_sample\PreCheck_AnalyzeLogs_Schedule.conf, absolutePath: C:\Users\20200161\Desktop\PreCheck_work\Precheck_project\Precheck_SKSCh1\precheck_collect\analyze\schedule_sample\PreCheck_AnalyzeLogs_Schedule.conf
2026-08-06 16:14:41.623 [scheduling-1] INFO  AnalyzeScheduleParser - 분석 스케줄 파일 파싱 완료 - absolutePath: C:\Users\20200161\Desktop\PreCheck_work\Precheck_project\Precheck_SKSCh1\precheck_collect\analyze\schedule_sample\PreCheck_AnalyzeLogs_Schedule.conf, 유효 스케줄 건수: 8
2026-08-06 16:14:41.623 [scheduling-1] INFO  AnalyzeScheduleParser -   [1] serverId: dlprem01-테스트개발, sourceFilePath: null, type: 주기, day: *, start: 000501, interval: 1, end: 230501
2026-08-06 16:14:41.623 [scheduling-1] INFO  AnalyzeScheduleParser -   [2] serverId: pamoap01-자동주문, sourceFilePath: null, type: 주기, day: *, start: 000501, interval: 2, end: 230501
2026-08-06 16:14:41.623 [scheduling-1] INFO  AnalyzeScheduleParser -   [3] serverId: pqgetap1-시세포착1, sourceFilePath: null, type: 주기, day: *, start: 000501, interval: 1, end: 230501
2026-08-06 16:14:41.623 [scheduling-1] INFO  AnalyzeScheduleParser -   [4] serverId: pqgetap2-시세포착2, sourceFilePath: null, type: 주기, day: *, start: 000501, interval: 2, end: 230501
2026-08-06 16:14:41.623 [scheduling-1] INFO  AnalyzeScheduleParser -   [5] serverId: pjpsap01-주파수클럽, sourceFilePath: null, type: 주기, day: *, start: 000501, interval: 1, end: 230501
2026-08-06 16:14:41.623 [scheduling-1] INFO  AnalyzeScheduleParser -   [6] serverId: pmaster2-마스터, sourceFilePath: null, type: 주기, day: *, start: 000501, interval: 2, end: 230501
2026-08-06 16:14:41.623 [scheduling-1] INFO  AnalyzeScheduleParser -   [7] serverId: ddfep01-해외시세, sourceFilePath: null, type: 주기, day: *, start: 000501, interval: 1, end: 230501
2026-08-06 16:14:41.623 [scheduling-1] INFO  AnalyzeScheduleParser -   [8] serverId: dcoodb01-주문체결, sourceFilePath: null, type: 주기, day: 1-5, start: 000501, interval: 2, end: 230501
2026-08-06 16:14:41.623 [scheduling-1] INFO  AnalyzeScheduler - [[[주기 분석 실행 결정]]] - serverId: dlprem01-테스트개발, file: null, 간격: 1분, 970번째 실행, day: *, start: 000501, end: 230501
2026-08-06 16:14:41.623 [scheduling-1] INFO  AnalyzeScheduler - [[[주기 분석 실행 결정]]] - serverId: pqgetap1-시세포착1, file: null, 간격: 1분, 970번째 실행, day: *, start: 000501, end: 230501
2026-08-06 16:14:41.623 [scheduling-1] INFO  AnalyzeScheduler - [[[주기 분석 실행 결정]]] - serverId: pjpsap01-주파수클럽, file: null, 간격: 1분, 970번째 실행, day: *, start: 000501, end: 230501
2026-08-06 16:14:41.623 [scheduling-1] INFO  AnalyzeScheduler - [[[주기 분석 실행 결정]]] - serverId: ddfep01-해외시세, file: null, 간격: 1분, 970번째 실행, day: *, start: 000501, end: 230501
2026-08-06 16:14:41.627 [analyze-async-1] INFO  AnalyzeService - 분석 이력 등록 - historyId: 14608, serverId: pjpsap01-주파수클럽, date: 20260806
2026-08-06 16:14:41.627 [analyze-async-5] INFO  AnalyzeService - 분석 이력 등록 - historyId: 14607, serverId: pqgetap1-시세포착1, date: 20260806
2026-08-06 16:14:41.627 [analyze-async-3] INFO  AnalyzeService - 분석 이력 등록 - historyId: 14605, serverId: dlprem01-테스트개발, date: 20260806
2026-08-06 16:14:41.627 [analyze-async-2] INFO  AnalyzeService - 분석 이력 등록 - historyId: 14606, serverId: ddfep01-해외시세, date: 20260806
2026-08-06 16:14:41.629 [analyze-async-2] INFO  AnalyzeRetryService - 분석 완료 - 서버: ddfep01-해외시세, 타입: 주기, 대상일: 20260806, 총: 0건, 에러: 0건, 경고: 0건
2026-08-06 16:14:41.630 [analyze-async-1] INFO  AnalyzeRetryService - 분석 완료 - 서버: pjpsap01-주파수클럽, 타입: 주기, 대상일: 20260806, 총: 0건, 에러: 0건, 경고: 0건
2026-08-06 16:14:41.630 [analyze-async-3] INFO  AnalyzeRetryService - 분석 완료 - 서버: dlprem01-테스트개발, 타입: 주기, 대상일: 20260806, 총: 0건, 에러: 0건, 경고: 0건
2026-08-06 16:14:41.630 [analyze-async-5] INFO  AnalyzeRetryService - 분석 완료 - 서버: pqgetap1-시세포착1, 타입: 주기, 대상일: 20260806, 총: 0건, 에러: 0건, 경고: 0건
2026-08-06 16:14:42.773 [Test worker] INFO  UserCountSpikeMockTest - [35/60] 2026-08-06T16:14:42.770494700 → HTS:3206, MTS:2675, TOTAL:5881
2026-08-06 16:15:41.625 [scheduling-1] INFO  AnalyzeScheduleParser - ==============================================================
2026-08-06 16:15:41.625 [scheduling-1] INFO  AnalyzeScheduleParser - ==============================================================
2026-08-06 16:15:41.625 [scheduling-1] INFO  AnalyzeScheduleParser - 분석 스케줄 파일 파싱 시작 - filePath: C:\Users\20200161\Desktop\PreCheck_work\Precheck_project\Precheck_SKSCh1\precheck_collect\analyze\schedule_sample\PreCheck_AnalyzeLogs_Schedule.conf, absolutePath: C:\Users\20200161\Desktop\PreCheck_work\Precheck_project\Precheck_SKSCh1\precheck_collect\analyze\schedule_sample\PreCheck_AnalyzeLogs_Schedule.conf
2026-08-06 16:15:41.626 [scheduling-1] INFO  AnalyzeScheduleParser - 분석 스케줄 파일 파싱 완료 - absolutePath: C:\Users\20200161\Desktop\PreCheck_work\Precheck_project\Precheck_SKSCh1\precheck_collect\analyze\schedule_sample\PreCheck_AnalyzeLogs_Schedule.conf, 유효 스케줄 건수: 8
2026-08-06 16:15:41.626 [scheduling-1] INFO  AnalyzeScheduleParser -   [1] serverId: dlprem01-테스트개발, sourceFilePath: null, type: 주기, day: *, start: 000501, interval: 1, end: 230501
2026-08-06 16:15:41.626 [scheduling-1] INFO  AnalyzeScheduleParser -   [2] serverId: pamoap01-자동주문, sourceFilePath: null, type: 주기, day: *, start: 000501, interval: 2, end: 230501
2026-08-06 16:15:41.626 [scheduling-1] INFO  AnalyzeScheduleParser -   [3] serverId: pqgetap1-시세포착1, sourceFilePath: null, type: 주기, day: *, start: 000501, interval: 1, end: 230501
2026-08-06 16:15:41.626 [scheduling-1] INFO  AnalyzeScheduleParser -   [4] serverId: pqgetap2-시세포착2, sourceFilePath: null, type: 주기, day: *, start: 000501, interval: 2, end: 230501
2026-08-06 16:15:41.626 [scheduling-1] INFO  AnalyzeScheduleParser -   [5] serverId: pjpsap01-주파수클럽, sourceFilePath: null, type: 주기, day: *, start: 000501, interval: 1, end: 230501
2026-08-06 16:15:41.626 [scheduling-1] INFO  AnalyzeScheduleParser -   [6] serverId: pmaster2-마스터, sourceFilePath: null, type: 주기, day: *, start: 000501, interval: 2, end: 230501
2026-08-06 16:15:41.627 [scheduling-1] INFO  AnalyzeScheduleParser -   [7] serverId: ddfep01-해외시세, sourceFilePath: null, type: 주기, day: *, start: 000501, interval: 1, end: 230501
2026-08-06 16:15:41.627 [scheduling-1] INFO  AnalyzeScheduleParser -   [8] serverId: dcoodb01-주문체결, sourceFilePath: null, type: 주기, day: 1-5, start: 000501, interval: 2, end: 230501
2026-08-06 16:15:41.627 [scheduling-1] INFO  AnalyzeScheduler - [[[주기 분석 실행 결정]]] - serverId: dlprem01-테스트개발, file: null, 간격: 1분, 971번째 실행, day: *, start: 000501, end: 230501
2026-08-06 16:15:41.627 [scheduling-1] INFO  AnalyzeScheduler - [[[주기 분석 실행 결정]]] - serverId: pamoap01-자동주문, file: null, 간격: 2분, 486번째 실행, day: *, start: 000501, end: 230501
2026-08-06 16:15:41.627 [scheduling-1] INFO  AnalyzeScheduler - [[[주기 분석 실행 결정]]] - serverId: pqgetap1-시세포착1, file: null, 간격: 1분, 971번째 실행, day: *, start: 000501, end: 230501
2026-08-06 16:15:41.627 [scheduling-1] INFO  AnalyzeScheduler - [[[주기 분석 실행 결정]]] - serverId: pqgetap2-시세포착2, file: null, 간격: 2분, 486번째 실행, day: *, start: 000501, end: 230501
2026-08-06 16:15:41.627 [scheduling-1] INFO  AnalyzeScheduler - [[[주기 분석 실행 결정]]] - serverId: pjpsap01-주파수클럽, file: null, 간격: 1분, 971번째 실행, day: *, start: 000501, end: 230501
2026-08-06 16:15:41.627 [scheduling-1] INFO  AnalyzeScheduler - [[[주기 분석 실행 결정]]] - serverId: pmaster2-마스터, file: null, 간격: 2분, 486번째 실행, day: *, start: 000501, end: 230501
2026-08-06 16:15:41.627 [scheduling-1] INFO  AnalyzeScheduler - [[[주기 분석 실행 결정]]] - serverId: ddfep01-해외시세, file: null, 간격: 1분, 971번째 실행, day: *, start: 000501, end: 230501
2026-08-06 16:15:41.628 [scheduling-1] INFO  AnalyzeScheduler - [[[주기 분석 실행 결정]]] - serverId: dcoodb01-주문체결, file: null, 간격: 2분, 486번째 실행, day: 1-5, start: 000501, end: 230501
2026-08-06 16:15:41.632 [analyze-async-2] INFO  AnalyzeService - 분석 이력 등록 - historyId: 14610, serverId: pamoap01-자동주문, date: 20260806
2026-08-06 16:15:41.632 [analyze-async-4] INFO  AnalyzeService - 분석 이력 등록 - historyId: 14609, serverId: dlprem01-테스트개발, date: 20260806
2026-08-06 16:15:41.633 [analyze-async-1] INFO  AnalyzeService - 분석 이력 등록 - historyId: 14611, serverId: pqgetap1-시세포착1, date: 20260806
2026-08-06 16:15:41.632 [analyze-async-5] INFO  AnalyzeService - 분석 이력 등록 - historyId: 14613, serverId: pjpsap01-주파수클럽, date: 20260806
2026-08-06 16:15:41.632 [analyze-async-3] INFO  AnalyzeService - 분석 이력 등록 - historyId: 14612, serverId: pqgetap2-시세포착2, date: 20260806
2026-08-06 16:15:41.636 [analyze-async-1] INFO  AnalyzeRetryService - 분석 완료 - 서버: pqgetap1-시세포착1, 타입: 주기, 대상일: 20260806, 총: 0건, 에러: 0건, 경고: 0건
2026-08-06 16:15:41.636 [analyze-async-2] INFO  AnalyzeRetryService - 분석 완료 - 서버: pamoap01-자동주문, 타입: 주기, 대상일: 20260806, 총: 0건, 에러: 0건, 경고: 0건
2026-08-06 16:15:41.636 [analyze-async-4] INFO  AnalyzeRetryService - 분석 완료 - 서버: dlprem01-테스트개발, 타입: 주기, 대상일: 20260806, 총: 0건, 에러: 0건, 경고: 0건
2026-08-06 16:15:41.636 [analyze-async-3] INFO  AnalyzeRetryService - 분석 완료 - 서버: pqgetap2-시세포착2, 타입: 주기, 대상일: 20260806, 총: 0건, 에러: 0건, 경고: 0건
2026-08-06 16:15:41.636 [analyze-async-5] INFO  AnalyzeRetryService - 분석 완료 - 서버: pjpsap01-주파수클럽, 타입: 주기, 대상일: 20260806, 총: 0건, 에러: 0건, 경고: 0건
2026-08-06 16:15:41.636 [analyze-async-1] INFO  AnalyzeService - 분석 이력 등록 - historyId: 14614, serverId: pmaster2-마스터, date: 20260806
2026-08-06 16:15:41.636 [analyze-async-2] INFO  AnalyzeService - 분석 이력 등록 - historyId: 14615, serverId: ddfep01-해외시세, date: 20260806
2026-08-06 16:15:41.636 [analyze-async-4] INFO  AnalyzeService - 분석 이력 등록 - historyId: 14616, serverId: dcoodb01-주문체결, date: 20260806
2026-08-06 16:15:41.637 [analyze-async-1] INFO  AnalyzeRetryService - 분석 완료 - 서버: pmaster2-마스터, 타입: 주기, 대상일: 20260806, 총: 0건, 에러: 0건, 경고: 0건
2026-08-06 16:15:41.637 [analyze-async-2] INFO  AnalyzeRetryService - 분석 완료 - 서버: ddfep01-해외시세, 타입: 주기, 대상일: 20260806, 총: 0건, 에러: 0건, 경고: 0건
2026-08-06 16:15:41.638 [analyze-async-4] INFO  AnalyzeRetryService - 분석 완료 - 서버: dcoodb01-주문체결, 타입: 주기, 대상일: 20260806, 총: 0건, 에러: 0건, 경고: 0건
2026-08-06 16:15:42.780 [Test worker] INFO  UserCountSpikeMockTest - [36/60] 2026-08-06T16:15:42.776033200 → HTS:3103, MTS:2512, TOTAL:5615
2026-08-06 16:16:41.630 [scheduling-1] INFO  AnalyzeScheduleParser - ==============================================================
2026-08-06 16:16:41.630 [scheduling-1] INFO  AnalyzeScheduleParser - ==============================================================
2026-08-06 16:16:41.630 [scheduling-1] INFO  AnalyzeScheduleParser - 분석 스케줄 파일 파싱 시작 - filePath: C:\Users\20200161\Desktop\PreCheck_work\Precheck_project\Precheck_SKSCh1\precheck_collect\analyze\schedule_sample\PreCheck_AnalyzeLogs_Schedule.conf, absolutePath: C:\Users\20200161\Desktop\PreCheck_work\Precheck_project\Precheck_SKSCh1\precheck_collect\analyze\schedule_sample\PreCheck_AnalyzeLogs_Schedule.conf
2026-08-06 16:16:41.631 [scheduling-1] INFO  AnalyzeScheduleParser - 분석 스케줄 파일 파싱 완료 - absolutePath: C:\Users\20200161\Desktop\PreCheck_work\Precheck_project\Precheck_SKSCh1\precheck_collect\analyze\schedule_sample\PreCheck_AnalyzeLogs_Schedule.conf, 유효 스케줄 건수: 8
2026-08-06 16:16:41.632 [scheduling-1] INFO  AnalyzeScheduleParser -   [1] serverId: dlprem01-테스트개발, sourceFilePath: null, type: 주기, day: *, start: 000501, interval: 1, end: 230501
2026-08-06 16:16:41.632 [scheduling-1] INFO  AnalyzeScheduleParser -   [2] serverId: pamoap01-자동주문, sourceFilePath: null, type: 주기, day: *, start: 000501, interval: 2, end: 230501
2026-08-06 16:16:41.632 [scheduling-1] INFO  AnalyzeScheduleParser -   [3] serverId: pqgetap1-시세포착1, sourceFilePath: null, type: 주기, day: *, start: 000501, interval: 1, end: 230501
2026-08-06 16:16:41.632 [scheduling-1] INFO  AnalyzeScheduleParser -   [4] serverId: pqgetap2-시세포착2, sourceFilePath: null, type: 주기, day: *, start: 000501, interval: 2, end: 230501
2026-08-06 16:16:41.632 [scheduling-1] INFO  AnalyzeScheduleParser -   [5] serverId: pjpsap01-주파수클럽, sourceFilePath: null, type: 주기, day: *, start: 000501, interval: 1, end: 230501
2026-08-06 16:16:41.632 [scheduling-1] INFO  AnalyzeScheduleParser -   [6] serverId: pmaster2-마스터, sourceFilePath: null, type: 주기, day: *, start: 000501, interval: 2, end: 230501
2026-08-06 16:16:41.632 [scheduling-1] INFO  AnalyzeScheduleParser -   [7] serverId: ddfep01-해외시세, sourceFilePath: null, type: 주기, day: *, start: 000501, interval: 1, end: 230501
2026-08-06 16:16:41.632 [scheduling-1] INFO  AnalyzeScheduleParser -   [8] serverId: dcoodb01-주문체결, sourceFilePath: null, type: 주기, day: 1-5, start: 000501, interval: 2, end: 230501
2026-08-06 16:16:41.632 [scheduling-1] INFO  AnalyzeScheduler - [[[주기 분석 실행 결정]]] - serverId: dlprem01-테스트개발, file: null, 간격: 1분, 972번째 실행, day: *, start: 000501, end: 230501
2026-08-06 16:16:41.632 [scheduling-1] INFO  AnalyzeScheduler - [[[주기 분석 실행 결정]]] - serverId: pqgetap1-시세포착1, file: null, 간격: 1분, 972번째 실행, day: *, start: 000501, end: 230501
2026-08-06 16:16:41.632 [scheduling-1] INFO  AnalyzeScheduler - [[[주기 분석 실행 결정]]] - serverId: pjpsap01-주파수클럽, file: null, 간격: 1분, 972번째 실행, day: *, start: 000501, end: 230501
2026-08-06 16:16:41.633 [scheduling-1] INFO  AnalyzeScheduler - [[[주기 분석 실행 결정]]] - serverId: ddfep01-해외시세, file: null, 간격: 1분, 972번째 실행, day: *, start: 000501, end: 230501
2026-08-06 16:16:41.637 [analyze-async-2] INFO  AnalyzeService - 분석 이력 등록 - historyId: 14618, serverId: ddfep01-해외시세, date: 20260806
2026-08-06 16:16:41.637 [analyze-async-3] INFO  AnalyzeService - 분석 이력 등록 - historyId: 14617, serverId: dlprem01-테스트개발, date: 20260806
2026-08-06 16:16:41.637 [analyze-async-1] INFO  AnalyzeService - 분석 이력 등록 - historyId: 14619, serverId: pjpsap01-주파수클럽, date: 20260806
2026-08-06 16:16:41.637 [analyze-async-5] INFO  AnalyzeService - 분석 이력 등록 - historyId: 14620, serverId: pqgetap1-시세포착1, date: 20260806
2026-08-06 16:16:41.641 [analyze-async-1] INFO  AnalyzeRetryService - 분석 완료 - 서버: pjpsap01-주파수클럽, 타입: 주기, 대상일: 20260806, 총: 0건, 에러: 0건, 경고: 0건
2026-08-06 16:16:41.641 [analyze-async-2] INFO  AnalyzeRetryService - 분석 완료 - 서버: ddfep01-해외시세, 타입: 주기, 대상일: 20260806, 총: 0건, 에러: 0건, 경고: 0건
2026-08-06 16:16:41.641 [analyze-async-3] INFO  AnalyzeRetryService - 분석 완료 - 서버: dlprem01-테스트개발, 타입: 주기, 대상일: 20260806, 총: 0건, 에러: 0건, 경고: 0건
2026-08-06 16:16:41.641 [analyze-async-5] INFO  AnalyzeRetryService - 분석 완료 - 서버: pqgetap1-시세포착1, 타입: 주기, 대상일: 20260806, 총: 0건, 에러: 0건, 경고: 0건
2026-08-06 16:16:42.801 [Test worker] INFO  UserCountSpikeMockTest - [37/60] 2026-08-06T16:16:42.795756 → HTS:3186, MTS:2292, TOTAL:5478
2026-08-06 16:17:41.635 [scheduling-1] INFO  AnalyzeScheduleParser - ==============================================================
2026-08-06 16:17:41.635 [scheduling-1] INFO  AnalyzeScheduleParser - ==============================================================
2026-08-06 16:17:41.635 [scheduling-1] INFO  AnalyzeScheduleParser - 분석 스케줄 파일 파싱 시작 - filePath: C:\Users\20200161\Desktop\PreCheck_work\Precheck_project\Precheck_SKSCh1\precheck_collect\analyze\schedule_sample\PreCheck_AnalyzeLogs_Schedule.conf, absolutePath: C:\Users\20200161\Desktop\PreCheck_work\Precheck_project\Precheck_SKSCh1\precheck_collect\analyze\schedule_sample\PreCheck_AnalyzeLogs_Schedule.conf
2026-08-06 16:17:41.636 [scheduling-1] INFO  AnalyzeScheduleParser - 분석 스케줄 파일 파싱 완료 - absolutePath: C:\Users\20200161\Desktop\PreCheck_work\Precheck_project\Precheck_SKSCh1\precheck_collect\analyze\schedule_sample\PreCheck_AnalyzeLogs_Schedule.conf, 유효 스케줄 건수: 8
2026-08-06 16:17:41.636 [scheduling-1] INFO  AnalyzeScheduleParser -   [1] serverId: dlprem01-테스트개발, sourceFilePath: null, type: 주기, day: *, start: 000501, interval: 1, end: 230501
2026-08-06 16:17:41.636 [scheduling-1] INFO  AnalyzeScheduleParser -   [2] serverId: pamoap01-자동주문, sourceFilePath: null, type: 주기, day: *, start: 000501, interval: 2, end: 230501
2026-08-06 16:17:41.637 [scheduling-1] INFO  AnalyzeScheduleParser -   [3] serverId: pqgetap1-시세포착1, sourceFilePath: null, type: 주기, day: *, start: 000501, interval: 1, end: 230501
2026-08-06 16:17:41.637 [scheduling-1] INFO  AnalyzeScheduleParser -   [4] serverId: pqgetap2-시세포착2, sourceFilePath: null, type: 주기, day: *, start: 000501, interval: 2, end: 230501
2026-08-06 16:17:41.637 [scheduling-1] INFO  AnalyzeScheduleParser -   [5] serverId: pjpsap01-주파수클럽, sourceFilePath: null, type: 주기, day: *, start: 000501, interval: 1, end: 230501
2026-08-06 16:17:41.637 [scheduling-1] INFO  AnalyzeScheduleParser -   [6] serverId: pmaster2-마스터, sourceFilePath: null, type: 주기, day: *, start: 000501, interval: 2, end: 230501
2026-08-06 16:17:41.637 [scheduling-1] INFO  AnalyzeScheduleParser -   [7] serverId: ddfep01-해외시세, sourceFilePath: null, type: 주기, day: *, start: 000501, interval: 1, end: 230501
2026-08-06 16:17:41.637 [scheduling-1] INFO  AnalyzeScheduleParser -   [8] serverId: dcoodb01-주문체결, sourceFilePath: null, type: 주기, day: 1-5, start: 000501, interval: 2, end: 230501
2026-08-06 16:17:41.637 [scheduling-1] INFO  AnalyzeScheduler - [[[주기 분석 실행 결정]]] - serverId: dlprem01-테스트개발, file: null, 간격: 1분, 973번째 실행, day: *, start: 000501, end: 230501
2026-08-06 16:17:41.637 [scheduling-1] INFO  AnalyzeScheduler - [[[주기 분석 실행 결정]]] - serverId: pamoap01-자동주문, file: null, 간격: 2분, 487번째 실행, day: *, start: 000501, end: 230501
2026-08-06 16:17:41.637 [scheduling-1] INFO  AnalyzeScheduler - [[[주기 분석 실행 결정]]] - serverId: pqgetap1-시세포착1, file: null, 간격: 1분, 973번째 실행, day: *, start: 000501, end: 230501
2026-08-06 16:17:41.637 [scheduling-1] INFO  AnalyzeScheduler - [[[주기 분석 실행 결정]]] - serverId: pqgetap2-시세포착2, file: null, 간격: 2분, 487번째 실행, day: *, start: 000501, end: 230501
2026-08-06 16:17:41.637 [scheduling-1] INFO  AnalyzeScheduler - [[[주기 분석 실행 결정]]] - serverId: pjpsap01-주파수클럽, file: null, 간격: 1분, 973번째 실행, day: *, start: 000501, end: 230501
2026-08-06 16:17:41.638 [scheduling-1] INFO  AnalyzeScheduler - [[[주기 분석 실행 결정]]] - serverId: pmaster2-마스터, file: null, 간격: 2분, 487번째 실행, day: *, start: 000501, end: 230501
2026-08-06 16:17:41.638 [scheduling-1] INFO  AnalyzeScheduler - [[[주기 분석 실행 결정]]] - serverId: ddfep01-해외시세, file: null, 간격: 1분, 973번째 실행, day: *, start: 000501, end: 230501
2026-08-06 16:17:41.638 [scheduling-1] INFO  AnalyzeScheduler - [[[주기 분석 실행 결정]]] - serverId: dcoodb01-주문체결, file: null, 간격: 2분, 487번째 실행, day: 1-5, start: 000501, end: 230501
2026-08-06 16:17:41.642 [analyze-async-4] INFO  AnalyzeService - 분석 이력 등록 - historyId: 14622, serverId: dlprem01-테스트개발, date: 20260806
2026-08-06 16:17:41.642 [analyze-async-3] INFO  AnalyzeService - 분석 이력 등록 - historyId: 14624, serverId: pqgetap2-시세포착2, date: 20260806
2026-08-06 16:17:41.642 [analyze-async-5] INFO  AnalyzeService - 분석 이력 등록 - historyId: 14625, serverId: pjpsap01-주파수클럽, date: 20260806
2026-08-06 16:17:41.642 [analyze-async-1] INFO  AnalyzeService - 분석 이력 등록 - historyId: 14623, serverId: pamoap01-자동주문, date: 20260806
2026-08-06 16:17:41.643 [analyze-async-2] INFO  AnalyzeService - 분석 이력 등록 - historyId: 14621, serverId: pqgetap1-시세포착1, date: 20260806
2026-08-06 16:17:41.646 [analyze-async-5] INFO  AnalyzeRetryService - 분석 완료 - 서버: pjpsap01-주파수클럽, 타입: 주기, 대상일: 20260806, 총: 0건, 에러: 0건, 경고: 0건
2026-08-06 16:17:41.646 [analyze-async-1] INFO  AnalyzeRetryService - 분석 완료 - 서버: pamoap01-자동주문, 타입: 주기, 대상일: 20260806, 총: 0건, 에러: 0건, 경고: 0건
2026-08-06 16:17:41.646 [analyze-async-3] INFO  AnalyzeRetryService - 분석 완료 - 서버: pqgetap2-시세포착2, 타입: 주기, 대상일: 20260806, 총: 0건, 에러: 0건, 경고: 0건
2026-08-06 16:17:41.646 [analyze-async-2] INFO  AnalyzeRetryService - 분석 완료 - 서버: pqgetap1-시세포착1, 타입: 주기, 대상일: 20260806, 총: 0건, 에러: 0건, 경고: 0건
2026-08-06 16:17:41.646 [analyze-async-4] INFO  AnalyzeRetryService - 분석 완료 - 서버: dlprem01-테스트개발, 타입: 주기, 대상일: 20260806, 총: 0건, 에러: 0건, 경고: 0건
2026-08-06 16:17:41.647 [analyze-async-5] INFO  AnalyzeService - 분석 이력 등록 - historyId: 14626, serverId: pmaster2-마스터, date: 20260806
2026-08-06 16:17:41.647 [analyze-async-3] INFO  AnalyzeService - 분석 이력 등록 - historyId: 14628, serverId: dcoodb01-주문체결, date: 20260806
2026-08-06 16:17:41.647 [analyze-async-1] INFO  AnalyzeService - 분석 이력 등록 - historyId: 14627, serverId: ddfep01-해외시세, date: 20260806
2026-08-06 16:17:41.648 [analyze-async-1] INFO  AnalyzeRetryService - 분석 완료 - 서버: ddfep01-해외시세, 타입: 주기, 대상일: 20260806, 총: 0건, 에러: 0건, 경고: 0건
2026-08-06 16:17:41.648 [analyze-async-5] INFO  AnalyzeRetryService - 분석 완료 - 서버: pmaster2-마스터, 타입: 주기, 대상일: 20260806, 총: 0건, 에러: 0건, 경고: 0건
2026-08-06 16:17:41.648 [analyze-async-3] INFO  AnalyzeRetryService - 분석 완료 - 서버: dcoodb01-주문체결, 타입: 주기, 대상일: 20260806, 총: 0건, 에러: 0건, 경고: 0건
2026-08-06 16:17:42.827 [Test worker] INFO  UserCountSpikeMockTest - [38/60] 2026-08-06T16:17:42.816258500 → HTS:3403, MTS:2331, TOTAL:5734
2026-08-06 16:18:41.640 [scheduling-1] INFO  AnalyzeScheduleParser - ==============================================================
2026-08-06 16:18:41.640 [scheduling-1] INFO  AnalyzeScheduleParser - ==============================================================
2026-08-06 16:18:41.640 [scheduling-1] INFO  AnalyzeScheduleParser - 분석 스케줄 파일 파싱 시작 - filePath: C:\Users\20200161\Desktop\PreCheck_work\Precheck_project\Precheck_SKSCh1\precheck_collect\analyze\schedule_sample\PreCheck_AnalyzeLogs_Schedule.conf, absolutePath: C:\Users\20200161\Desktop\PreCheck_work\Precheck_project\Precheck_SKSCh1\precheck_collect\analyze\schedule_sample\PreCheck_AnalyzeLogs_Schedule.conf
2026-08-06 16:18:41.641 [scheduling-1] INFO  AnalyzeScheduleParser - 분석 스케줄 파일 파싱 완료 - absolutePath: C:\Users\20200161\Desktop\PreCheck_work\Precheck_project\Precheck_SKSCh1\precheck_collect\analyze\schedule_sample\PreCheck_AnalyzeLogs_Schedule.conf, 유효 스케줄 건수: 8
2026-08-06 16:18:41.641 [scheduling-1] INFO  AnalyzeScheduleParser -   [1] serverId: dlprem01-테스트개발, sourceFilePath: null, type: 주기, day: *, start: 000501, interval: 1, end: 230501
2026-08-06 16:18:41.641 [scheduling-1] INFO  AnalyzeScheduleParser -   [2] serverId: pamoap01-자동주문, sourceFilePath: null, type: 주기, day: *, start: 000501, interval: 2, end: 230501
2026-08-06 16:18:41.641 [scheduling-1] INFO  AnalyzeScheduleParser -   [3] serverId: pqgetap1-시세포착1, sourceFilePath: null, type: 주기, day: *, start: 000501, interval: 1, end: 230501
2026-08-06 16:18:41.641 [scheduling-1] INFO  AnalyzeScheduleParser -   [4] serverId: pqgetap2-시세포착2, sourceFilePath: null, type: 주기, day: *, start: 000501, interval: 2, end: 230501
2026-08-06 16:18:41.641 [scheduling-1] INFO  AnalyzeScheduleParser -   [5] serverId: pjpsap01-주파수클럽, sourceFilePath: null, type: 주기, day: *, start: 000501, interval: 1, end: 230501
2026-08-06 16:18:41.641 [scheduling-1] INFO  AnalyzeScheduleParser -   [6] serverId: pmaster2-마스터, sourceFilePath: null, type: 주기, day: *, start: 000501, interval: 2, end: 230501
2026-08-06 16:18:41.641 [scheduling-1] INFO  AnalyzeScheduleParser -   [7] serverId: ddfep01-해외시세, sourceFilePath: null, type: 주기, day: *, start: 000501, interval: 1, end: 230501
2026-08-06 16:18:41.641 [scheduling-1] INFO  AnalyzeScheduleParser -   [8] serverId: dcoodb01-주문체결, sourceFilePath: null, type: 주기, day: 1-5, start: 000501, interval: 2, end: 230501
2026-08-06 16:18:41.642 [scheduling-1] INFO  AnalyzeScheduler - [[[주기 분석 실행 결정]]] - serverId: dlprem01-테스트개발, file: null, 간격: 1분, 974번째 실행, day: *, start: 000501, end: 230501
2026-08-06 16:18:41.642 [scheduling-1] INFO  AnalyzeScheduler - [[[주기 분석 실행 결정]]] - serverId: pqgetap1-시세포착1, file: null, 간격: 1분, 974번째 실행, day: *, start: 000501, end: 230501
2026-08-06 16:18:41.642 [scheduling-1] INFO  AnalyzeScheduler - [[[주기 분석 실행 결정]]] - serverId: pjpsap01-주파수클럽, file: null, 간격: 1분, 974번째 실행, day: *, start: 000501, end: 230501
2026-08-06 16:18:41.642 [scheduling-1] INFO  AnalyzeScheduler - [[[주기 분석 실행 결정]]] - serverId: ddfep01-해외시세, file: null, 간격: 1분, 974번째 실행, day: *, start: 000501, end: 230501
2026-08-06 16:18:41.643 [analyze-async-2] INFO  AnalyzeService - 분석 이력 등록 - historyId: 14630, serverId: dlprem01-테스트개발, date: 20260806
2026-08-06 16:18:41.643 [analyze-async-4] INFO  AnalyzeService - 분석 이력 등록 - historyId: 14629, serverId: pqgetap1-시세포착1, date: 20260806
2026-08-06 16:18:41.643 [analyze-async-5] INFO  AnalyzeService - 분석 이력 등록 - historyId: 14632, serverId: ddfep01-해외시세, date: 20260806
2026-08-06 16:18:41.643 [analyze-async-1] INFO  AnalyzeService - 분석 이력 등록 - historyId: 14631, serverId: pjpsap01-주파수클럽, date: 20260806
2026-08-06 16:18:41.644 [analyze-async-1] INFO  AnalyzeRetryService - 분석 완료 - 서버: pjpsap01-주파수클럽, 타입: 주기, 대상일: 20260806, 총: 0건, 에러: 0건, 경고: 0건
2026-08-06 16:18:41.644 [analyze-async-2] INFO  AnalyzeRetryService - 분석 완료 - 서버: dlprem01-테스트개발, 타입: 주기, 대상일: 20260806, 총: 0건, 에러: 0건, 경고: 0건
2026-08-06 16:18:41.644 [analyze-async-4] INFO  AnalyzeRetryService - 분석 완료 - 서버: pqgetap1-시세포착1, 타입: 주기, 대상일: 20260806, 총: 0건, 에러: 0건, 경고: 0건
2026-08-06 16:18:41.644 [analyze-async-5] INFO  AnalyzeRetryService - 분석 완료 - 서버: ddfep01-해외시세, 타입: 주기, 대상일: 20260806, 총: 0건, 에러: 0건, 경고: 0건
2026-08-06 16:18:42.841 [Test worker] INFO  UserCountSpikeMockTest - [39/60] 2026-08-06T16:18:42.833329400 → HTS:3376, MTS:2279, TOTAL:5655
2026-08-06 16:19:41.644 [scheduling-1] INFO  AnalyzeScheduleParser - ==============================================================
2026-08-06 16:19:41.644 [scheduling-1] INFO  AnalyzeScheduleParser - ==============================================================
2026-08-06 16:19:41.644 [scheduling-1] INFO  AnalyzeScheduleParser - 분석 스케줄 파일 파싱 시작 - filePath: C:\Users\20200161\Desktop\PreCheck_work\Precheck_project\Precheck_SKSCh1\precheck_collect\analyze\schedule_sample\PreCheck_AnalyzeLogs_Schedule.conf, absolutePath: C:\Users\20200161\Desktop\PreCheck_work\Precheck_project\Precheck_SKSCh1\precheck_collect\analyze\schedule_sample\PreCheck_AnalyzeLogs_Schedule.conf
2026-08-06 16:19:41.645 [scheduling-1] INFO  AnalyzeScheduleParser - 분석 스케줄 파일 파싱 완료 - absolutePath: C:\Users\20200161\Desktop\PreCheck_work\Precheck_project\Precheck_SKSCh1\precheck_collect\analyze\schedule_sample\PreCheck_AnalyzeLogs_Schedule.conf, 유효 스케줄 건수: 8
2026-08-06 16:19:41.645 [scheduling-1] INFO  AnalyzeScheduleParser -   [1] serverId: dlprem01-테스트개발, sourceFilePath: null, type: 주기, day: *, start: 000501, interval: 1, end: 230501
2026-08-06 16:19:41.645 [scheduling-1] INFO  AnalyzeScheduleParser -   [2] serverId: pamoap01-자동주문, sourceFilePath: null, type: 주기, day: *, start: 000501, interval: 2, end: 230501
2026-08-06 16:19:41.645 [scheduling-1] INFO  AnalyzeScheduleParser -   [3] serverId: pqgetap1-시세포착1, sourceFilePath: null, type: 주기, day: *, start: 000501, interval: 1, end: 230501
2026-08-06 16:19:41.645 [scheduling-1] INFO  AnalyzeScheduleParser -   [4] serverId: pqgetap2-시세포착2, sourceFilePath: null, type: 주기, day: *, start: 000501, interval: 2, end: 230501
2026-08-06 16:19:41.645 [scheduling-1] INFO  AnalyzeScheduleParser -   [5] serverId: pjpsap01-주파수클럽, sourceFilePath: null, type: 주기, day: *, start: 000501, interval: 1, end: 230501
2026-08-06 16:19:41.645 [scheduling-1] INFO  AnalyzeScheduleParser -   [6] serverId: pmaster2-마스터, sourceFilePath: null, type: 주기, day: *, start: 000501, interval: 2, end: 230501
2026-08-06 16:19:41.645 [scheduling-1] INFO  AnalyzeScheduleParser -   [7] serverId: ddfep01-해외시세, sourceFilePath: null, type: 주기, day: *, start: 000501, interval: 1, end: 230501
2026-08-06 16:19:41.645 [scheduling-1] INFO  AnalyzeScheduleParser -   [8] serverId: dcoodb01-주문체결, sourceFilePath: null, type: 주기, day: 1-5, start: 000501, interval: 2, end: 230501
2026-08-06 16:19:41.645 [scheduling-1] INFO  AnalyzeScheduler - [[[주기 분석 실행 결정]]] - serverId: dlprem01-테스트개발, file: null, 간격: 1분, 975번째 실행, day: *, start: 000501, end: 230501
2026-08-06 16:19:41.645 [scheduling-1] INFO  AnalyzeScheduler - [[[주기 분석 실행 결정]]] - serverId: pamoap01-자동주문, file: null, 간격: 2분, 488번째 실행, day: *, start: 000501, end: 230501
2026-08-06 16:19:41.645 [scheduling-1] INFO  AnalyzeScheduler - [[[주기 분석 실행 결정]]] - serverId: pqgetap1-시세포착1, file: null, 간격: 1분, 975번째 실행, day: *, start: 000501, end: 230501
2026-08-06 16:19:41.645 [scheduling-1] INFO  AnalyzeScheduler - [[[주기 분석 실행 결정]]] - serverId: pqgetap2-시세포착2, file: null, 간격: 2분, 488번째 실행, day: *, start: 000501, end: 230501
2026-08-06 16:19:41.645 [scheduling-1] INFO  AnalyzeScheduler - [[[주기 분석 실행 결정]]] - serverId: pjpsap01-주파수클럽, file: null, 간격: 1분, 975번째 실행, day: *, start: 000501, end: 230501
2026-08-06 16:19:41.645 [scheduling-1] INFO  AnalyzeScheduler - [[[주기 분석 실행 결정]]] - serverId: pmaster2-마스터, file: null, 간격: 2분, 488번째 실행, day: *, start: 000501, end: 230501
2026-08-06 16:19:41.645 [scheduling-1] INFO  AnalyzeScheduler - [[[주기 분석 실행 결정]]] - serverId: ddfep01-해외시세, file: null, 간격: 1분, 975번째 실행, day: *, start: 000501, end: 230501
2026-08-06 16:19:41.645 [scheduling-1] INFO  AnalyzeScheduler - [[[주기 분석 실행 결정]]] - serverId: dcoodb01-주문체결, file: null, 간격: 2분, 488번째 실행, day: 1-5, start: 000501, end: 230501
2026-08-06 16:19:41.646 [analyze-async-1] INFO  AnalyzeService - 분석 이력 등록 - historyId: 14633, serverId: pamoap01-자동주문, date: 20260806
2026-08-06 16:19:41.647 [analyze-async-5] INFO  AnalyzeService - 분석 이력 등록 - historyId: 14636, serverId: pjpsap01-주파수클럽, date: 20260806
2026-08-06 16:19:41.647 [analyze-async-2] INFO  AnalyzeService - 분석 이력 등록 - historyId: 14635, serverId: pqgetap1-시세포착1, date: 20260806
2026-08-06 16:19:41.647 [analyze-async-4] INFO  AnalyzeService - 분석 이력 등록 - historyId: 14637, serverId: pqgetap2-시세포착2, date: 20260806
2026-08-06 16:19:41.647 [analyze-async-3] INFO  AnalyzeService - 분석 이력 등록 - historyId: 14634, serverId: dlprem01-테스트개발, date: 20260806
2026-08-06 16:19:41.648 [analyze-async-1] INFO  AnalyzeRetryService - 분석 완료 - 서버: pamoap01-자동주문, 타입: 주기, 대상일: 20260806, 총: 0건, 에러: 0건, 경고: 0건
2026-08-06 16:19:41.648 [analyze-async-3] INFO  AnalyzeRetryService - 분석 완료 - 서버: dlprem01-테스트개발, 타입: 주기, 대상일: 20260806, 총: 0건, 에러: 0건, 경고: 0건
2026-08-06 16:19:41.648 [analyze-async-2] INFO  AnalyzeRetryService - 분석 완료 - 서버: pqgetap1-시세포착1, 타입: 주기, 대상일: 20260806, 총: 0건, 에러: 0건, 경고: 0건
2026-08-06 16:19:41.648 [analyze-async-5] INFO  AnalyzeRetryService - 분석 완료 - 서버: pjpsap01-주파수클럽, 타입: 주기, 대상일: 20260806, 총: 0건, 에러: 0건, 경고: 0건
2026-08-06 16:19:41.648 [analyze-async-4] INFO  AnalyzeRetryService - 분석 완료 - 서버: pqgetap2-시세포착2, 타입: 주기, 대상일: 20260806, 총: 0건, 에러: 0건, 경고: 0건
2026-08-06 16:19:41.649 [analyze-async-1] INFO  AnalyzeService - 분석 이력 등록 - historyId: 14638, serverId: pmaster2-마스터, date: 20260806
2026-08-06 16:19:41.649 [analyze-async-3] INFO  AnalyzeService - 분석 이력 등록 - historyId: 14639, serverId: ddfep01-해외시세, date: 20260806
2026-08-06 16:19:41.649 [analyze-async-2] INFO  AnalyzeService - 분석 이력 등록 - historyId: 14640, serverId: dcoodb01-주문체결, date: 20260806
2026-08-06 16:19:41.650 [analyze-async-1] INFO  AnalyzeRetryService - 분석 완료 - 서버: pmaster2-마스터, 타입: 주기, 대상일: 20260806, 총: 0건, 에러: 0건, 경고: 0건
2026-08-06 16:19:41.650 [analyze-async-2] INFO  AnalyzeRetryService - 분석 완료 - 서버: dcoodb01-주문체결, 타입: 주기, 대상일: 20260806, 총: 0건, 에러: 0건, 경고: 0건
2026-08-06 16:19:41.650 [analyze-async-3] INFO  AnalyzeRetryService - 분석 완료 - 서버: ddfep01-해외시세, 타입: 주기, 대상일: 20260806, 총: 0건, 에러: 0건, 경고: 0건
2026-08-06 16:19:42.864 [Test worker] INFO  UserCountSpikeMockTest - [40/60] 2026-08-06T16:19:42.853033 → HTS:3275, MTS:2272, TOTAL:5547
2026-08-06 16:20:41.647 [scheduling-1] INFO  AnalyzeScheduleParser - ==============================================================
2026-08-06 16:20:41.647 [scheduling-1] INFO  AnalyzeScheduleParser - ==============================================================
2026-08-06 16:20:41.647 [scheduling-1] INFO  AnalyzeScheduleParser - 분석 스케줄 파일 파싱 시작 - filePath: C:\Users\20200161\Desktop\PreCheck_work\Precheck_project\Precheck_SKSCh1\precheck_collect\analyze\schedule_sample\PreCheck_AnalyzeLogs_Schedule.conf, absolutePath: C:\Users\20200161\Desktop\PreCheck_work\Precheck_project\Precheck_SKSCh1\precheck_collect\analyze\schedule_sample\PreCheck_AnalyzeLogs_Schedule.conf
2026-08-06 16:20:41.648 [scheduling-1] INFO  AnalyzeScheduleParser - 분석 스케줄 파일 파싱 완료 - absolutePath: C:\Users\20200161\Desktop\PreCheck_work\Precheck_project\Precheck_SKSCh1\precheck_collect\analyze\schedule_sample\PreCheck_AnalyzeLogs_Schedule.conf, 유효 스케줄 건수: 8
2026-08-06 16:20:41.648 [scheduling-1] INFO  AnalyzeScheduleParser -   [1] serverId: dlprem01-테스트개발, sourceFilePath: null, type: 주기, day: *, start: 000501, interval: 1, end: 230501
2026-08-06 16:20:41.648 [scheduling-1] INFO  AnalyzeScheduleParser -   [2] serverId: pamoap01-자동주문, sourceFilePath: null, type: 주기, day: *, start: 000501, interval: 2, end: 230501
2026-08-06 16:20:41.648 [scheduling-1] INFO  AnalyzeScheduleParser -   [3] serverId: pqgetap1-시세포착1, sourceFilePath: null, type: 주기, day: *, start: 000501, interval: 1, end: 230501
2026-08-06 16:20:41.648 [scheduling-1] INFO  AnalyzeScheduleParser -   [4] serverId: pqgetap2-시세포착2, sourceFilePath: null, type: 주기, day: *, start: 000501, interval: 2, end: 230501
2026-08-06 16:20:41.648 [scheduling-1] INFO  AnalyzeScheduleParser -   [5] serverId: pjpsap01-주파수클럽, sourceFilePath: null, type: 주기, day: *, start: 000501, interval: 1, end: 230501
2026-08-06 16:20:41.648 [scheduling-1] INFO  AnalyzeScheduleParser -   [6] serverId: pmaster2-마스터, sourceFilePath: null, type: 주기, day: *, start: 000501, interval: 2, end: 230501
2026-08-06 16:20:41.648 [scheduling-1] INFO  AnalyzeScheduleParser -   [7] serverId: ddfep01-해외시세, sourceFilePath: null, type: 주기, day: *, start: 000501, interval: 1, end: 230501
2026-08-06 16:20:41.648 [scheduling-1] INFO  AnalyzeScheduleParser -   [8] serverId: dcoodb01-주문체결, sourceFilePath: null, type: 주기, day: 1-5, start: 000501, interval: 2, end: 230501
2026-08-06 16:20:41.648 [scheduling-1] INFO  AnalyzeScheduler - [[[주기 분석 실행 결정]]] - serverId: dlprem01-테스트개발, file: null, 간격: 1분, 976번째 실행, day: *, start: 000501, end: 230501
2026-08-06 16:20:41.648 [scheduling-1] INFO  AnalyzeScheduler - [[[주기 분석 실행 결정]]] - serverId: pqgetap1-시세포착1, file: null, 간격: 1분, 976번째 실행, day: *, start: 000501, end: 230501
2026-08-06 16:20:41.648 [scheduling-1] INFO  AnalyzeScheduler - [[[주기 분석 실행 결정]]] - serverId: pjpsap01-주파수클럽, file: null, 간격: 1분, 976번째 실행, day: *, start: 000501, end: 230501
2026-08-06 16:20:41.648 [scheduling-1] INFO  AnalyzeScheduler - [[[주기 분석 실행 결정]]] - serverId: ddfep01-해외시세, file: null, 간격: 1분, 976번째 실행, day: *, start: 000501, end: 230501
2026-08-06 16:20:41.650 [analyze-async-2] INFO  AnalyzeService - 분석 이력 등록 - historyId: 14644, serverId: ddfep01-해외시세, date: 20260806
2026-08-06 16:20:41.650 [analyze-async-4] INFO  AnalyzeService - 분석 이력 등록 - historyId: 14643, serverId: pqgetap1-시세포착1, date: 20260806
2026-08-06 16:20:41.650 [analyze-async-1] INFO  AnalyzeService - 분석 이력 등록 - historyId: 14642, serverId: pjpsap01-주파수클럽, date: 20260806
2026-08-06 16:20:41.650 [analyze-async-5] INFO  AnalyzeService - 분석 이력 등록 - historyId: 14641, serverId: dlprem01-테스트개발, date: 20260806
2026-08-06 16:20:41.653 [analyze-async-1] INFO  AnalyzeRetryService - 분석 완료 - 서버: pjpsap01-주파수클럽, 타입: 주기, 대상일: 20260806, 총: 0건, 에러: 0건, 경고: 0건
2026-08-06 16:20:41.654 [analyze-async-4] INFO  AnalyzeRetryService - 분석 완료 - 서버: pqgetap1-시세포착1, 타입: 주기, 대상일: 20260806, 총: 0건, 에러: 0건, 경고: 0건
2026-08-06 16:20:41.654 [analyze-async-2] INFO  AnalyzeRetryService - 분석 완료 - 서버: ddfep01-해외시세, 타입: 주기, 대상일: 20260806, 총: 0건, 에러: 0건, 경고: 0건
2026-08-06 16:20:41.655 [analyze-async-5] INFO  AnalyzeRetryService - 분석 완료 - 서버: dlprem01-테스트개발, 타입: 주기, 대상일: 20260806, 총: 0건, 에러: 0건, 경고: 0건
2026-08-06 16:20:42.879 [Test worker] INFO  UserCountSpikeMockTest - [41/60] 2026-08-06T16:20:42.871819900 → HTS:3322, MTS:2410, TOTAL:5732
2026-08-06 16:21:41.650 [scheduling-1] INFO  AnalyzeScheduleParser - ==============================================================
2026-08-06 16:21:41.650 [scheduling-1] INFO  AnalyzeScheduleParser - ==============================================================
2026-08-06 16:21:41.650 [scheduling-1] INFO  AnalyzeScheduleParser - 분석 스케줄 파일 파싱 시작 - filePath: C:\Users\20200161\Desktop\PreCheck_work\Precheck_project\Precheck_SKSCh1\precheck_collect\analyze\schedule_sample\PreCheck_AnalyzeLogs_Schedule.conf, absolutePath: C:\Users\20200161\Desktop\PreCheck_work\Precheck_project\Precheck_SKSCh1\precheck_collect\analyze\schedule_sample\PreCheck_AnalyzeLogs_Schedule.conf
2026-08-06 16:21:41.651 [scheduling-1] INFO  AnalyzeScheduleParser - 분석 스케줄 파일 파싱 완료 - absolutePath: C:\Users\20200161\Desktop\PreCheck_work\Precheck_project\Precheck_SKSCh1\precheck_collect\analyze\schedule_sample\PreCheck_AnalyzeLogs_Schedule.conf, 유효 스케줄 건수: 8
2026-08-06 16:21:41.651 [scheduling-1] INFO  AnalyzeScheduleParser -   [1] serverId: dlprem01-테스트개발, sourceFilePath: null, type: 주기, day: *, start: 000501, interval: 1, end: 230501
2026-08-06 16:21:41.651 [scheduling-1] INFO  AnalyzeScheduleParser -   [2] serverId: pamoap01-자동주문, sourceFilePath: null, type: 주기, day: *, start: 000501, interval: 2, end: 230501
2026-08-06 16:21:41.651 [scheduling-1] INFO  AnalyzeScheduleParser -   [3] serverId: pqgetap1-시세포착1, sourceFilePath: null, type: 주기, day: *, start: 000501, interval: 1, end: 230501
2026-08-06 16:21:41.651 [scheduling-1] INFO  AnalyzeScheduleParser -   [4] serverId: pqgetap2-시세포착2, sourceFilePath: null, type: 주기, day: *, start: 000501, interval: 2, end: 230501
2026-08-06 16:21:41.651 [scheduling-1] INFO  AnalyzeScheduleParser -   [5] serverId: pjpsap01-주파수클럽, sourceFilePath: null, type: 주기, day: *, start: 000501, interval: 1, end: 230501
2026-08-06 16:21:41.651 [scheduling-1] INFO  AnalyzeScheduleParser -   [6] serverId: pmaster2-마스터, sourceFilePath: null, type: 주기, day: *, start: 000501, interval: 2, end: 230501
2026-08-06 16:21:41.651 [scheduling-1] INFO  AnalyzeScheduleParser -   [7] serverId: ddfep01-해외시세, sourceFilePath: null, type: 주기, day: *, start: 000501, interval: 1, end: 230501
2026-08-06 16:21:41.651 [scheduling-1] INFO  AnalyzeScheduleParser -   [8] serverId: dcoodb01-주문체결, sourceFilePath: null, type: 주기, day: 1-5, start: 000501, interval: 2, end: 230501
2026-08-06 16:21:41.651 [scheduling-1] INFO  AnalyzeScheduler - [[[주기 분석 실행 결정]]] - serverId: dlprem01-테스트개발, file: null, 간격: 1분, 977번째 실행, day: *, start: 000501, end: 230501
2026-08-06 16:21:41.652 [scheduling-1] INFO  AnalyzeScheduler - [[[주기 분석 실행 결정]]] - serverId: pamoap01-자동주문, file: null, 간격: 2분, 489번째 실행, day: *, start: 000501, end: 230501
2026-08-06 16:21:41.652 [scheduling-1] INFO  AnalyzeScheduler - [[[주기 분석 실행 결정]]] - serverId: pqgetap1-시세포착1, file: null, 간격: 1분, 977번째 실행, day: *, start: 000501, end: 230501
2026-08-06 16:21:41.652 [scheduling-1] INFO  AnalyzeScheduler - [[[주기 분석 실행 결정]]] - serverId: pqgetap2-시세포착2, file: null, 간격: 2분, 489번째 실행, day: *, start: 000501, end: 230501
2026-08-06 16:21:41.652 [scheduling-1] INFO  AnalyzeScheduler - [[[주기 분석 실행 결정]]] - serverId: pjpsap01-주파수클럽, file: null, 간격: 1분, 977번째 실행, day: *, start: 000501, end: 230501
2026-08-06 16:21:41.652 [scheduling-1] INFO  AnalyzeScheduler - [[[주기 분석 실행 결정]]] - serverId: pmaster2-마스터, file: null, 간격: 2분, 489번째 실행, day: *, start: 000501, end: 230501
2026-08-06 16:21:41.652 [scheduling-1] INFO  AnalyzeScheduler - [[[주기 분석 실행 결정]]] - serverId: ddfep01-해외시세, file: null, 간격: 1분, 977번째 실행, day: *, start: 000501, end: 230501
2026-08-06 16:21:41.652 [scheduling-1] INFO  AnalyzeScheduler - [[[주기 분석 실행 결정]]] - serverId: dcoodb01-주문체결, file: null, 간격: 2분, 489번째 실행, day: 1-5, start: 000501, end: 230501
2026-08-06 16:21:41.655 [analyze-async-4] INFO  AnalyzeService - 분석 이력 등록 - historyId: 14647, serverId: pqgetap1-시세포착1, date: 20260806
2026-08-06 16:21:41.656 [analyze-async-3] INFO  AnalyzeService - 분석 이력 등록 - historyId: 14645, serverId: dlprem01-테스트개발, date: 20260806
2026-08-06 16:21:41.656 [analyze-async-2] INFO  AnalyzeService - 분석 이력 등록 - historyId: 14648, serverId: pqgetap2-시세포착2, date: 20260806
2026-08-06 16:21:41.656 [analyze-async-1] INFO  AnalyzeService - 분석 이력 등록 - historyId: 14646, serverId: pamoap01-자동주문, date: 20260806
2026-08-06 16:21:41.656 [analyze-async-5] INFO  AnalyzeService - 분석 이력 등록 - historyId: 14649, serverId: pjpsap01-주파수클럽, date: 20260806
2026-08-06 16:21:41.659 [analyze-async-1] INFO  AnalyzeRetryService - 분석 완료 - 서버: pamoap01-자동주문, 타입: 주기, 대상일: 20260806, 총: 0건, 에러: 0건, 경고: 0건
2026-08-06 16:21:41.660 [analyze-async-4] INFO  AnalyzeRetryService - 분석 완료 - 서버: pqgetap1-시세포착1, 타입: 주기, 대상일: 20260806, 총: 0건, 에러: 0건, 경고: 0건
2026-08-06 16:21:41.660 [analyze-async-2] INFO  AnalyzeRetryService - 분석 완료 - 서버: pqgetap2-시세포착2, 타입: 주기, 대상일: 20260806, 총: 0건, 에러: 0건, 경고: 0건
2026-08-06 16:21:41.660 [analyze-async-3] INFO  AnalyzeRetryService - 분석 완료 - 서버: dlprem01-테스트개발, 타입: 주기, 대상일: 20260806, 총: 0건, 에러: 0건, 경고: 0건
2026-08-06 16:21:41.660 [analyze-async-5] INFO  AnalyzeRetryService - 분석 완료 - 서버: pjpsap01-주파수클럽, 타입: 주기, 대상일: 20260806, 총: 0건, 에러: 0건, 경고: 0건
2026-08-06 16:21:41.660 [analyze-async-1] INFO  AnalyzeService - 분석 이력 등록 - historyId: 14650, serverId: pmaster2-마스터, date: 20260806
2026-08-06 16:21:41.661 [analyze-async-4] INFO  AnalyzeService - 분석 이력 등록 - historyId: 14651, serverId: ddfep01-해외시세, date: 20260806
2026-08-06 16:21:41.661 [analyze-async-2] INFO  AnalyzeService - 분석 이력 등록 - historyId: 14652, serverId: dcoodb01-주문체결, date: 20260806
2026-08-06 16:21:41.662 [analyze-async-1] INFO  AnalyzeRetryService - 분석 완료 - 서버: pmaster2-마스터, 타입: 주기, 대상일: 20260806, 총: 0건, 에러: 0건, 경고: 0건
2026-08-06 16:21:41.662 [analyze-async-4] INFO  AnalyzeRetryService - 분석 완료 - 서버: ddfep01-해외시세, 타입: 주기, 대상일: 20260806, 총: 0건, 에러: 0건, 경고: 0건
2026-08-06 16:21:41.662 [analyze-async-2] INFO  AnalyzeRetryService - 분석 완료 - 서버: dcoodb01-주문체결, 타입: 주기, 대상일: 20260806, 총: 0건, 에러: 0건, 경고: 0건
2026-08-06 16:21:42.886 [Test worker] INFO  UserCountSpikeMockTest - [42/60] 2026-08-06T16:21:42.880855300 → HTS:1911, MTS:2311, TOTAL:4222
2026-08-06 16:22:41.658 [scheduling-1] INFO  AnalyzeScheduleParser - ==============================================================
2026-08-06 16:22:41.658 [scheduling-1] INFO  AnalyzeScheduleParser - ==============================================================
2026-08-06 16:22:41.658 [scheduling-1] INFO  AnalyzeScheduleParser - 분석 스케줄 파일 파싱 시작 - filePath: C:\Users\20200161\Desktop\PreCheck_work\Precheck_project\Precheck_SKSCh1\precheck_collect\analyze\schedule_sample\PreCheck_AnalyzeLogs_Schedule.conf, absolutePath: C:\Users\20200161\Desktop\PreCheck_work\Precheck_project\Precheck_SKSCh1\precheck_collect\analyze\schedule_sample\PreCheck_AnalyzeLogs_Schedule.conf
2026-08-06 16:22:41.659 [scheduling-1] INFO  AnalyzeScheduleParser - 분석 스케줄 파일 파싱 완료 - absolutePath: C:\Users\20200161\Desktop\PreCheck_work\Precheck_project\Precheck_SKSCh1\precheck_collect\analyze\schedule_sample\PreCheck_AnalyzeLogs_Schedule.conf, 유효 스케줄 건수: 8
2026-08-06 16:22:41.659 [scheduling-1] INFO  AnalyzeScheduleParser -   [1] serverId: dlprem01-테스트개발, sourceFilePath: null, type: 주기, day: *, start: 000501, interval: 1, end: 230501
2026-08-06 16:22:41.659 [scheduling-1] INFO  AnalyzeScheduleParser -   [2] serverId: pamoap01-자동주문, sourceFilePath: null, type: 주기, day: *, start: 000501, interval: 2, end: 230501
2026-08-06 16:22:41.659 [scheduling-1] INFO  AnalyzeScheduleParser -   [3] serverId: pqgetap1-시세포착1, sourceFilePath: null, type: 주기, day: *, start: 000501, interval: 1, end: 230501
2026-08-06 16:22:41.659 [scheduling-1] INFO  AnalyzeScheduleParser -   [4] serverId: pqgetap2-시세포착2, sourceFilePath: null, type: 주기, day: *, start: 000501, interval: 2, end: 230501
2026-08-06 16:22:41.659 [scheduling-1] INFO  AnalyzeScheduleParser -   [5] serverId: pjpsap01-주파수클럽, sourceFilePath: null, type: 주기, day: *, start: 000501, interval: 1, end: 230501
2026-08-06 16:22:41.659 [scheduling-1] INFO  AnalyzeScheduleParser -   [6] serverId: pmaster2-마스터, sourceFilePath: null, type: 주기, day: *, start: 000501, interval: 2, end: 230501
2026-08-06 16:22:41.659 [scheduling-1] INFO  AnalyzeScheduleParser -   [7] serverId: ddfep01-해외시세, sourceFilePath: null, type: 주기, day: *, start: 000501, interval: 1, end: 230501
2026-08-06 16:22:41.659 [scheduling-1] INFO  AnalyzeScheduleParser -   [8] serverId: dcoodb01-주문체결, sourceFilePath: null, type: 주기, day: 1-5, start: 000501, interval: 2, end: 230501
2026-08-06 16:22:41.660 [scheduling-1] INFO  AnalyzeScheduler - [[[주기 분석 실행 결정]]] - serverId: dlprem01-테스트개발, file: null, 간격: 1분, 978번째 실행, day: *, start: 000501, end: 230501
2026-08-06 16:22:41.660 [scheduling-1] INFO  AnalyzeScheduler - [[[주기 분석 실행 결정]]] - serverId: pqgetap1-시세포착1, file: null, 간격: 1분, 978번째 실행, day: *, start: 000501, end: 230501
2026-08-06 16:22:41.660 [scheduling-1] INFO  AnalyzeScheduler - [[[주기 분석 실행 결정]]] - serverId: pjpsap01-주파수클럽, file: null, 간격: 1분, 978번째 실행, day: *, start: 000501, end: 230501
2026-08-06 16:22:41.660 [scheduling-1] INFO  AnalyzeScheduler - [[[주기 분석 실행 결정]]] - serverId: ddfep01-해외시세, file: null, 간격: 1분, 978번째 실행, day: *, start: 000501, end: 230501
2026-08-06 16:22:41.664 [analyze-async-5] INFO  AnalyzeService - 분석 이력 등록 - historyId: 14656, serverId: pqgetap1-시세포착1, date: 20260806
2026-08-06 16:22:41.664 [analyze-async-4] INFO  AnalyzeService - 분석 이력 등록 - historyId: 14655, serverId: ddfep01-해외시세, date: 20260806
2026-08-06 16:22:41.664 [analyze-async-3] INFO  AnalyzeService - 분석 이력 등록 - historyId: 14654, serverId: dlprem01-테스트개발, date: 20260806
2026-08-06 16:22:41.665 [analyze-async-1] INFO  AnalyzeService - 분석 이력 등록 - historyId: 14653, serverId: pjpsap01-주파수클럽, date: 20260806
2026-08-06 16:22:41.675 [analyze-async-1] INFO  AnalyzeRetryService - 분석 완료 - 서버: pjpsap01-주파수클럽, 타입: 주기, 대상일: 20260806, 총: 0건, 에러: 0건, 경고: 0건
2026-08-06 16:22:41.675 [analyze-async-4] INFO  AnalyzeRetryService - 분석 완료 - 서버: ddfep01-해외시세, 타입: 주기, 대상일: 20260806, 총: 0건, 에러: 0건, 경고: 0건
2026-08-06 16:22:41.675 [analyze-async-5] INFO  AnalyzeRetryService - 분석 완료 - 서버: pqgetap1-시세포착1, 타입: 주기, 대상일: 20260806, 총: 0건, 에러: 0건, 경고: 0건
2026-08-06 16:22:41.675 [analyze-async-3] INFO  AnalyzeRetryService - 분석 완료 - 서버: dlprem01-테스트개발, 타입: 주기, 대상일: 20260806, 총: 0건, 에러: 0건, 경고: 0건
2026-08-06 16:22:42.912 [Test worker] INFO  UserCountSpikeMockTest - [43/60] 2026-08-06T16:22:42.901547500 → HTS:1809, MTS:2171, TOTAL:3980
2026-08-06 16:23:41.669 [scheduling-1] INFO  AnalyzeScheduleParser - ==============================================================
2026-08-06 16:23:41.669 [scheduling-1] INFO  AnalyzeScheduleParser - ==============================================================
2026-08-06 16:23:41.669 [scheduling-1] INFO  AnalyzeScheduleParser - 분석 스케줄 파일 파싱 시작 - filePath: C:\Users\20200161\Desktop\PreCheck_work\Precheck_project\Precheck_SKSCh1\precheck_collect\analyze\schedule_sample\PreCheck_AnalyzeLogs_Schedule.conf, absolutePath: C:\Users\20200161\Desktop\PreCheck_work\Precheck_project\Precheck_SKSCh1\precheck_collect\analyze\schedule_sample\PreCheck_AnalyzeLogs_Schedule.conf
2026-08-06 16:23:41.669 [scheduling-1] INFO  AnalyzeScheduleParser - 분석 스케줄 파일 파싱 완료 - absolutePath: C:\Users\20200161\Desktop\PreCheck_work\Precheck_project\Precheck_SKSCh1\precheck_collect\analyze\schedule_sample\PreCheck_AnalyzeLogs_Schedule.conf, 유효 스케줄 건수: 8
2026-08-06 16:23:41.669 [scheduling-1] INFO  AnalyzeScheduleParser -   [1] serverId: dlprem01-테스트개발, sourceFilePath: null, type: 주기, day: *, start: 000501, interval: 1, end: 230501
2026-08-06 16:23:41.669 [scheduling-1] INFO  AnalyzeScheduleParser -   [2] serverId: pamoap01-자동주문, sourceFilePath: null, type: 주기, day: *, start: 000501, interval: 2, end: 230501
2026-08-06 16:23:41.669 [scheduling-1] INFO  AnalyzeScheduleParser -   [3] serverId: pqgetap1-시세포착1, sourceFilePath: null, type: 주기, day: *, start: 000501, interval: 1, end: 230501
2026-08-06 16:23:41.669 [scheduling-1] INFO  AnalyzeScheduleParser -   [4] serverId: pqgetap2-시세포착2, sourceFilePath: null, type: 주기, day: *, start: 000501, interval: 2, end: 230501
2026-08-06 16:23:41.669 [scheduling-1] INFO  AnalyzeScheduleParser -   [5] serverId: pjpsap01-주파수클럽, sourceFilePath: null, type: 주기, day: *, start: 000501, interval: 1, end: 230501
2026-08-06 16:23:41.669 [scheduling-1] INFO  AnalyzeScheduleParser -   [6] serverId: pmaster2-마스터, sourceFilePath: null, type: 주기, day: *, start: 000501, interval: 2, end: 230501
2026-08-06 16:23:41.669 [scheduling-1] INFO  AnalyzeScheduleParser -   [7] serverId: ddfep01-해외시세, sourceFilePath: null, type: 주기, day: *, start: 000501, interval: 1, end: 230501
2026-08-06 16:23:41.669 [scheduling-1] INFO  AnalyzeScheduleParser -   [8] serverId: dcoodb01-주문체결, sourceFilePath: null, type: 주기, day: 1-5, start: 000501, interval: 2, end: 230501
2026-08-06 16:23:41.669 [scheduling-1] INFO  AnalyzeScheduler - [[[주기 분석 실행 결정]]] - serverId: dlprem01-테스트개발, file: null, 간격: 1분, 979번째 실행, day: *, start: 000501, end: 230501
2026-08-06 16:23:41.669 [scheduling-1] INFO  AnalyzeScheduler - [[[주기 분석 실행 결정]]] - serverId: pamoap01-자동주문, file: null, 간격: 2분, 490번째 실행, day: *, start: 000501, end: 230501
2026-08-06 16:23:41.669 [scheduling-1] INFO  AnalyzeScheduler - [[[주기 분석 실행 결정]]] - serverId: pqgetap1-시세포착1, file: null, 간격: 1분, 979번째 실행, day: *, start: 000501, end: 230501
2026-08-06 16:23:41.669 [scheduling-1] INFO  AnalyzeScheduler - [[[주기 분석 실행 결정]]] - serverId: pqgetap2-시세포착2, file: null, 간격: 2분, 490번째 실행, day: *, start: 000501, end: 230501
2026-08-06 16:23:41.669 [scheduling-1] INFO  AnalyzeScheduler - [[[주기 분석 실행 결정]]] - serverId: pjpsap01-주파수클럽, file: null, 간격: 1분, 979번째 실행, day: *, start: 000501, end: 230501
2026-08-06 16:23:41.669 [scheduling-1] INFO  AnalyzeScheduler - [[[주기 분석 실행 결정]]] - serverId: pmaster2-마스터, file: null, 간격: 2분, 490번째 실행, day: *, start: 000501, end: 230501
2026-08-06 16:23:41.669 [scheduling-1] INFO  AnalyzeScheduler - [[[주기 분석 실행 결정]]] - serverId: ddfep01-해외시세, file: null, 간격: 1분, 979번째 실행, day: *, start: 000501, end: 230501
2026-08-06 16:23:41.669 [scheduling-1] INFO  AnalyzeScheduler - [[[주기 분석 실행 결정]]] - serverId: dcoodb01-주문체결, file: null, 간격: 2분, 490번째 실행, day: 1-5, start: 000501, end: 230501
2026-08-06 16:23:41.677 [analyze-async-2] INFO  AnalyzeService - 분석 이력 등록 - historyId: 14658, serverId: dlprem01-테스트개발, date: 20260806
2026-08-06 16:23:41.677 [analyze-async-4] INFO  AnalyzeService - 분석 이력 등록 - historyId: 14659, serverId: pqgetap1-시세포착1, date: 20260806
2026-08-06 16:23:41.677 [analyze-async-3] INFO  AnalyzeService - 분석 이력 등록 - historyId: 14660, serverId: pjpsap01-주파수클럽, date: 20260806
2026-08-06 16:23:41.677 [analyze-async-5] INFO  AnalyzeService - 분석 이력 등록 - historyId: 14661, serverId: pqgetap2-시세포착2, date: 20260806
2026-08-06 16:23:41.677 [analyze-async-1] INFO  AnalyzeService - 분석 이력 등록 - historyId: 14657, serverId: pamoap01-자동주문, date: 20260806
2026-08-06 16:23:41.679 [analyze-async-4] INFO  AnalyzeRetryService - 분석 완료 - 서버: pqgetap1-시세포착1, 타입: 주기, 대상일: 20260806, 총: 0건, 에러: 0건, 경고: 0건
2026-08-06 16:23:41.679 [analyze-async-1] INFO  AnalyzeRetryService - 분석 완료 - 서버: pamoap01-자동주문, 타입: 주기, 대상일: 20260806, 총: 0건, 에러: 0건, 경고: 0건
2026-08-06 16:23:41.679 [analyze-async-5] INFO  AnalyzeRetryService - 분석 완료 - 서버: pqgetap2-시세포착2, 타입: 주기, 대상일: 20260806, 총: 0건, 에러: 0건, 경고: 0건
2026-08-06 16:23:41.679 [analyze-async-2] INFO  AnalyzeRetryService - 분석 완료 - 서버: dlprem01-테스트개발, 타입: 주기, 대상일: 20260806, 총: 0건, 에러: 0건, 경고: 0건
2026-08-06 16:23:41.679 [analyze-async-3] INFO  AnalyzeRetryService - 분석 완료 - 서버: pjpsap01-주파수클럽, 타입: 주기, 대상일: 20260806, 총: 0건, 에러: 0건, 경고: 0건
2026-08-06 16:23:41.679 [analyze-async-4] INFO  AnalyzeService - 분석 이력 등록 - historyId: 14662, serverId: pmaster2-마스터, date: 20260806
2026-08-06 16:23:41.679 [analyze-async-5] INFO  AnalyzeService - 분석 이력 등록 - historyId: 14664, serverId: dcoodb01-주문체결, date: 20260806
2026-08-06 16:23:41.679 [analyze-async-1] INFO  AnalyzeService - 분석 이력 등록 - historyId: 14663, serverId: ddfep01-해외시세, date: 20260806
2026-08-06 16:23:41.679 [analyze-async-1] INFO  AnalyzeRetryService - 분석 완료 - 서버: ddfep01-해외시세, 타입: 주기, 대상일: 20260806, 총: 0건, 에러: 0건, 경고: 0건
2026-08-06 16:23:41.679 [analyze-async-4] INFO  AnalyzeRetryService - 분석 완료 - 서버: pmaster2-마스터, 타입: 주기, 대상일: 20260806, 총: 0건, 에러: 0건, 경고: 0건
2026-08-06 16:23:41.679 [analyze-async-5] INFO  AnalyzeRetryService - 분석 완료 - 서버: dcoodb01-주문체결, 타입: 주기, 대상일: 20260806, 총: 0건, 에러: 0건, 경고: 0건
2026-08-06 16:23:42.923 [Test worker] INFO  UserCountSpikeMockTest - [44/60] 2026-08-06T16:23:42.919221200 → HTS:2122, MTS:2168, TOTAL:4290
2026-08-06 16:24:41.684 [scheduling-1] INFO  AnalyzeScheduleParser - ==============================================================
2026-08-06 16:24:41.684 [scheduling-1] INFO  AnalyzeScheduleParser - ==============================================================
2026-08-06 16:24:41.684 [scheduling-1] INFO  AnalyzeScheduleParser - 분석 스케줄 파일 파싱 시작 - filePath: C:\Users\20200161\Desktop\PreCheck_work\Precheck_project\Precheck_SKSCh1\precheck_collect\analyze\schedule_sample\PreCheck_AnalyzeLogs_Schedule.conf, absolutePath: C:\Users\20200161\Desktop\PreCheck_work\Precheck_project\Precheck_SKSCh1\precheck_collect\analyze\schedule_sample\PreCheck_AnalyzeLogs_Schedule.conf
2026-08-06 16:24:41.684 [scheduling-1] INFO  AnalyzeScheduleParser - 분석 스케줄 파일 파싱 완료 - absolutePath: C:\Users\20200161\Desktop\PreCheck_work\Precheck_project\Precheck_SKSCh1\precheck_collect\analyze\schedule_sample\PreCheck_AnalyzeLogs_Schedule.conf, 유효 스케줄 건수: 8
2026-08-06 16:24:41.684 [scheduling-1] INFO  AnalyzeScheduleParser -   [1] serverId: dlprem01-테스트개발, sourceFilePath: null, type: 주기, day: *, start: 000501, interval: 1, end: 230501
2026-08-06 16:24:41.684 [scheduling-1] INFO  AnalyzeScheduleParser -   [2] serverId: pamoap01-자동주문, sourceFilePath: null, type: 주기, day: *, start: 000501, interval: 2, end: 230501
2026-08-06 16:24:41.684 [scheduling-1] INFO  AnalyzeScheduleParser -   [3] serverId: pqgetap1-시세포착1, sourceFilePath: null, type: 주기, day: *, start: 000501, interval: 1, end: 230501
2026-08-06 16:24:41.684 [scheduling-1] INFO  AnalyzeScheduleParser -   [4] serverId: pqgetap2-시세포착2, sourceFilePath: null, type: 주기, day: *, start: 000501, interval: 2, end: 230501
2026-08-06 16:24:41.684 [scheduling-1] INFO  AnalyzeScheduleParser -   [5] serverId: pjpsap01-주파수클럽, sourceFilePath: null, type: 주기, day: *, start: 000501, interval: 1, end: 230501
2026-08-06 16:24:41.684 [scheduling-1] INFO  AnalyzeScheduleParser -   [6] serverId: pmaster2-마스터, sourceFilePath: null, type: 주기, day: *, start: 000501, interval: 2, end: 230501
2026-08-06 16:24:41.684 [scheduling-1] INFO  AnalyzeScheduleParser -   [7] serverId: ddfep01-해외시세, sourceFilePath: null, type: 주기, day: *, start: 000501, interval: 1, end: 230501
2026-08-06 16:24:41.684 [scheduling-1] INFO  AnalyzeScheduleParser -   [8] serverId: dcoodb01-주문체결, sourceFilePath: null, type: 주기, day: 1-5, start: 000501, interval: 2, end: 230501
2026-08-06 16:24:41.684 [scheduling-1] INFO  AnalyzeScheduler - [[[주기 분석 실행 결정]]] - serverId: dlprem01-테스트개발, file: null, 간격: 1분, 980번째 실행, day: *, start: 000501, end: 230501
2026-08-06 16:24:41.684 [scheduling-1] INFO  AnalyzeScheduler - [[[주기 분석 실행 결정]]] - serverId: pqgetap1-시세포착1, file: null, 간격: 1분, 980번째 실행, day: *, start: 000501, end: 230501
2026-08-06 16:24:41.684 [scheduling-1] INFO  AnalyzeScheduler - [[[주기 분석 실행 결정]]] - serverId: pjpsap01-주파수클럽, file: null, 간격: 1분, 980번째 실행, day: *, start: 000501, end: 230501
2026-08-06 16:24:41.684 [scheduling-1] INFO  AnalyzeScheduler - [[[주기 분석 실행 결정]]] - serverId: ddfep01-해외시세, file: null, 간격: 1분, 980번째 실행, day: *, start: 000501, end: 230501
2026-08-06 16:24:41.691 [analyze-async-1] INFO  AnalyzeService - 분석 이력 등록 - historyId: 14667, serverId: pjpsap01-주파수클럽, date: 20260806
2026-08-06 16:24:41.691 [analyze-async-3] INFO  AnalyzeService - 분석 이력 등록 - historyId: 14666, serverId: pqgetap1-시세포착1, date: 20260806
2026-08-06 16:24:41.691 [analyze-async-2] INFO  AnalyzeService - 분석 이력 등록 - historyId: 14665, serverId: dlprem01-테스트개발, date: 20260806
2026-08-06 16:24:41.691 [analyze-async-4] INFO  AnalyzeService - 분석 이력 등록 - historyId: 14668, serverId: ddfep01-해외시세, date: 20260806
2026-08-06 16:24:41.691 [analyze-async-1] INFO  AnalyzeRetryService - 분석 완료 - 서버: pjpsap01-주파수클럽, 타입: 주기, 대상일: 20260806, 총: 0건, 에러: 0건, 경고: 0건
2026-08-06 16:24:41.695 [analyze-async-2] INFO  AnalyzeRetryService - 분석 완료 - 서버: dlprem01-테스트개발, 타입: 주기, 대상일: 20260806, 총: 0건, 에러: 0건, 경고: 0건
2026-08-06 16:24:41.695 [analyze-async-3] INFO  AnalyzeRetryService - 분석 완료 - 서버: pqgetap1-시세포착1, 타입: 주기, 대상일: 20260806, 총: 0건, 에러: 0건, 경고: 0건
2026-08-06 16:24:41.691 [analyze-async-4] INFO  AnalyzeRetryService - 분석 완료 - 서버: ddfep01-해외시세, 타입: 주기, 대상일: 20260806, 총: 0건, 에러: 0건, 경고: 0건
2026-08-06 16:24:42.929 [Test worker] INFO  UserCountSpikeMockTest - [45/60] 2026-08-06T16:24:42.923834800 → HTS:1908, MTS:1958, TOTAL:3866
2026-08-06 16:25:41.704 [scheduling-1] INFO  AnalyzeScheduleParser - ==============================================================
2026-08-06 16:25:41.704 [scheduling-1] INFO  AnalyzeScheduleParser - ==============================================================
2026-08-06 16:25:41.704 [scheduling-1] INFO  AnalyzeScheduleParser - 분석 스케줄 파일 파싱 시작 - filePath: C:\Users\20200161\Desktop\PreCheck_work\Precheck_project\Precheck_SKSCh1\precheck_collect\analyze\schedule_sample\PreCheck_AnalyzeLogs_Schedule.conf, absolutePath: C:\Users\20200161\Desktop\PreCheck_work\Precheck_project\Precheck_SKSCh1\precheck_collect\analyze\schedule_sample\PreCheck_AnalyzeLogs_Schedule.conf
2026-08-06 16:25:41.704 [scheduling-1] INFO  AnalyzeScheduleParser - 분석 스케줄 파일 파싱 완료 - absolutePath: C:\Users\20200161\Desktop\PreCheck_work\Precheck_project\Precheck_SKSCh1\precheck_collect\analyze\schedule_sample\PreCheck_AnalyzeLogs_Schedule.conf, 유효 스케줄 건수: 8
2026-08-06 16:25:41.704 [scheduling-1] INFO  AnalyzeScheduleParser -   [1] serverId: dlprem01-테스트개발, sourceFilePath: null, type: 주기, day: *, start: 000501, interval: 1, end: 230501
2026-08-06 16:25:41.704 [scheduling-1] INFO  AnalyzeScheduleParser -   [2] serverId: pamoap01-자동주문, sourceFilePath: null, type: 주기, day: *, start: 000501, interval: 2, end: 230501
2026-08-06 16:25:41.704 [scheduling-1] INFO  AnalyzeScheduleParser -   [3] serverId: pqgetap1-시세포착1, sourceFilePath: null, type: 주기, day: *, start: 000501, interval: 1, end: 230501
2026-08-06 16:25:41.704 [scheduling-1] INFO  AnalyzeScheduleParser -   [4] serverId: pqgetap2-시세포착2, sourceFilePath: null, type: 주기, day: *, start: 000501, interval: 2, end: 230501
2026-08-06 16:25:41.704 [scheduling-1] INFO  AnalyzeScheduleParser -   [5] serverId: pjpsap01-주파수클럽, sourceFilePath: null, type: 주기, day: *, start: 000501, interval: 1, end: 230501
2026-08-06 16:25:41.704 [scheduling-1] INFO  AnalyzeScheduleParser -   [6] serverId: pmaster2-마스터, sourceFilePath: null, type: 주기, day: *, start: 000501, interval: 2, end: 230501
2026-08-06 16:25:41.704 [scheduling-1] INFO  AnalyzeScheduleParser -   [7] serverId: ddfep01-해외시세, sourceFilePath: null, type: 주기, day: *, start: 000501, interval: 1, end: 230501
2026-08-06 16:25:41.704 [scheduling-1] INFO  AnalyzeScheduleParser -   [8] serverId: dcoodb01-주문체결, sourceFilePath: null, type: 주기, day: 1-5, start: 000501, interval: 2, end: 230501
2026-08-06 16:25:41.704 [scheduling-1] INFO  AnalyzeScheduler - [[[주기 분석 실행 결정]]] - serverId: dlprem01-테스트개발, file: null, 간격: 1분, 981번째 실행, day: *, start: 000501, end: 230501
2026-08-06 16:25:41.704 [scheduling-1] INFO  AnalyzeScheduler - [[[주기 분석 실행 결정]]] - serverId: pamoap01-자동주문, file: null, 간격: 2분, 491번째 실행, day: *, start: 000501, end: 230501
2026-08-06 16:25:41.704 [scheduling-1] INFO  AnalyzeScheduler - [[[주기 분석 실행 결정]]] - serverId: pqgetap1-시세포착1, file: null, 간격: 1분, 981번째 실행, day: *, start: 000501, end: 230501
2026-08-06 16:25:41.704 [scheduling-1] INFO  AnalyzeScheduler - [[[주기 분석 실행 결정]]] - serverId: pqgetap2-시세포착2, file: null, 간격: 2분, 491번째 실행, day: *, start: 000501, end: 230501
2026-08-06 16:25:41.704 [scheduling-1] INFO  AnalyzeScheduler - [[[주기 분석 실행 결정]]] - serverId: pjpsap01-주파수클럽, file: null, 간격: 1분, 981번째 실행, day: *, start: 000501, end: 230501
2026-08-06 16:25:41.704 [scheduling-1] INFO  AnalyzeScheduler - [[[주기 분석 실행 결정]]] - serverId: pmaster2-마스터, file: null, 간격: 2분, 491번째 실행, day: *, start: 000501, end: 230501
2026-08-06 16:25:41.704 [scheduling-1] INFO  AnalyzeScheduler - [[[주기 분석 실행 결정]]] - serverId: ddfep01-해외시세, file: null, 간격: 1분, 981번째 실행, day: *, start: 000501, end: 230501
2026-08-06 16:25:41.704 [scheduling-1] INFO  AnalyzeScheduler - [[[주기 분석 실행 결정]]] - serverId: dcoodb01-주문체결, file: null, 간격: 2분, 491번째 실행, day: 1-5, start: 000501, end: 230501
2026-08-06 16:25:41.711 [analyze-async-1] INFO  AnalyzeService - 분석 이력 등록 - historyId: 14669, serverId: pamoap01-자동주문, date: 20260806
2026-08-06 16:25:41.711 [analyze-async-3] INFO  AnalyzeService - 분석 이력 등록 - historyId: 14670, serverId: pqgetap2-시세포착2, date: 20260806
2026-08-06 16:25:41.711 [analyze-async-5] INFO  AnalyzeService - 분석 이력 등록 - historyId: 14671, serverId: dlprem01-테스트개발, date: 20260806
2026-08-06 16:25:41.711 [analyze-async-2] INFO  AnalyzeService - 분석 이력 등록 - historyId: 14672, serverId: pqgetap1-시세포착1, date: 20260806
2026-08-06 16:25:41.711 [analyze-async-4] INFO  AnalyzeService - 분석 이력 등록 - historyId: 14673, serverId: pjpsap01-주파수클럽, date: 20260806
2026-08-06 16:25:41.714 [analyze-async-1] INFO  AnalyzeRetryService - 분석 완료 - 서버: pamoap01-자동주문, 타입: 주기, 대상일: 20260806, 총: 0건, 에러: 0건, 경고: 0건
2026-08-06 16:25:41.714 [analyze-async-3] INFO  AnalyzeRetryService - 분석 완료 - 서버: pqgetap2-시세포착2, 타입: 주기, 대상일: 20260806, 총: 0건, 에러: 0건, 경고: 0건
2026-08-06 16:25:41.714 [analyze-async-2] INFO  AnalyzeRetryService - 분석 완료 - 서버: pqgetap1-시세포착1, 타입: 주기, 대상일: 20260806, 총: 0건, 에러: 0건, 경고: 0건
2026-08-06 16:25:41.714 [analyze-async-4] INFO  AnalyzeRetryService - 분석 완료 - 서버: pjpsap01-주파수클럽, 타입: 주기, 대상일: 20260806, 총: 0건, 에러: 0건, 경고: 0건
2026-08-06 16:25:41.714 [analyze-async-5] INFO  AnalyzeRetryService - 분석 완료 - 서버: dlprem01-테스트개발, 타입: 주기, 대상일: 20260806, 총: 0건, 에러: 0건, 경고: 0건
2026-08-06 16:25:41.717 [analyze-async-1] INFO  AnalyzeService - 분석 이력 등록 - historyId: 14674, serverId: pmaster2-마스터, date: 20260806
2026-08-06 16:25:41.717 [analyze-async-3] INFO  AnalyzeService - 분석 이력 등록 - historyId: 14675, serverId: ddfep01-해외시세, date: 20260806
2026-08-06 16:25:41.717 [analyze-async-2] INFO  AnalyzeService - 분석 이력 등록 - historyId: 14676, serverId: dcoodb01-주문체결, date: 20260806
2026-08-06 16:25:41.717 [analyze-async-1] INFO  AnalyzeRetryService - 분석 완료 - 서버: pmaster2-마스터, 타입: 주기, 대상일: 20260806, 총: 0건, 에러: 0건, 경고: 0건
2026-08-06 16:25:41.717 [analyze-async-3] INFO  AnalyzeRetryService - 분석 완료 - 서버: ddfep01-해외시세, 타입: 주기, 대상일: 20260806, 총: 0건, 에러: 0건, 경고: 0건
2026-08-06 16:25:41.717 [analyze-async-2] INFO  AnalyzeRetryService - 분석 완료 - 서버: dcoodb01-주문체결, 타입: 주기, 대상일: 20260806, 총: 0건, 에러: 0건, 경고: 0건
2026-08-06 16:25:42.935 [Test worker] INFO  UserCountSpikeMockTest - [46/60] 2026-08-06T16:25:42.934377 → HTS:2016, MTS:1884, TOTAL:3900
2026-08-06 16:26:41.709 [scheduling-1] INFO  AnalyzeScheduleParser - ==============================================================
2026-08-06 16:26:41.709 [scheduling-1] INFO  AnalyzeScheduleParser - ==============================================================
2026-08-06 16:26:41.709 [scheduling-1] INFO  AnalyzeScheduleParser - 분석 스케줄 파일 파싱 시작 - filePath: C:\Users\20200161\Desktop\PreCheck_work\Precheck_project\Precheck_SKSCh1\precheck_collect\analyze\schedule_sample\PreCheck_AnalyzeLogs_Schedule.conf, absolutePath: C:\Users\20200161\Desktop\PreCheck_work\Precheck_project\Precheck_SKSCh1\precheck_collect\analyze\schedule_sample\PreCheck_AnalyzeLogs_Schedule.conf
2026-08-06 16:26:41.710 [scheduling-1] INFO  AnalyzeScheduleParser - 분석 스케줄 파일 파싱 완료 - absolutePath: C:\Users\20200161\Desktop\PreCheck_work\Precheck_project\Precheck_SKSCh1\precheck_collect\analyze\schedule_sample\PreCheck_AnalyzeLogs_Schedule.conf, 유효 스케줄 건수: 8
2026-08-06 16:26:41.710 [scheduling-1] INFO  AnalyzeScheduleParser -   [1] serverId: dlprem01-테스트개발, sourceFilePath: null, type: 주기, day: *, start: 000501, interval: 1, end: 230501
2026-08-06 16:26:41.710 [scheduling-1] INFO  AnalyzeScheduleParser -   [2] serverId: pamoap01-자동주문, sourceFilePath: null, type: 주기, day: *, start: 000501, interval: 2, end: 230501
2026-08-06 16:26:41.710 [scheduling-1] INFO  AnalyzeScheduleParser -   [3] serverId: pqgetap1-시세포착1, sourceFilePath: null, type: 주기, day: *, start: 000501, interval: 1, end: 230501
2026-08-06 16:26:41.710 [scheduling-1] INFO  AnalyzeScheduleParser -   [4] serverId: pqgetap2-시세포착2, sourceFilePath: null, type: 주기, day: *, start: 000501, interval: 2, end: 230501
2026-08-06 16:26:41.711 [scheduling-1] INFO  AnalyzeScheduleParser -   [5] serverId: pjpsap01-주파수클럽, sourceFilePath: null, type: 주기, day: *, start: 000501, interval: 1, end: 230501
2026-08-06 16:26:41.711 [scheduling-1] INFO  AnalyzeScheduleParser -   [6] serverId: pmaster2-마스터, sourceFilePath: null, type: 주기, day: *, start: 000501, interval: 2, end: 230501
2026-08-06 16:26:41.711 [scheduling-1] INFO  AnalyzeScheduleParser -   [7] serverId: ddfep01-해외시세, sourceFilePath: null, type: 주기, day: *, start: 000501, interval: 1, end: 230501
2026-08-06 16:26:41.711 [scheduling-1] INFO  AnalyzeScheduleParser -   [8] serverId: dcoodb01-주문체결, sourceFilePath: null, type: 주기, day: 1-5, start: 000501, interval: 2, end: 230501
2026-08-06 16:26:41.711 [scheduling-1] INFO  AnalyzeScheduler - [[[주기 분석 실행 결정]]] - serverId: dlprem01-테스트개발, file: null, 간격: 1분, 982번째 실행, day: *, start: 000501, end: 230501
2026-08-06 16:26:41.711 [scheduling-1] INFO  AnalyzeScheduler - [[[주기 분석 실행 결정]]] - serverId: pqgetap1-시세포착1, file: null, 간격: 1분, 982번째 실행, day: *, start: 000501, end: 230501
2026-08-06 16:26:41.711 [scheduling-1] INFO  AnalyzeScheduler - [[[주기 분석 실행 결정]]] - serverId: pjpsap01-주파수클럽, file: null, 간격: 1분, 982번째 실행, day: *, start: 000501, end: 230501
2026-08-06 16:26:41.711 [scheduling-1] INFO  AnalyzeScheduler - [[[주기 분석 실행 결정]]] - serverId: ddfep01-해외시세, file: null, 간격: 1분, 982번째 실행, day: *, start: 000501, end: 230501
2026-08-06 16:26:41.715 [analyze-async-4] INFO  AnalyzeService - 분석 이력 등록 - historyId: 14677, serverId: dlprem01-테스트개발, date: 20260806
2026-08-06 16:26:41.715 [analyze-async-3] INFO  AnalyzeService - 분석 이력 등록 - historyId: 14679, serverId: ddfep01-해외시세, date: 20260806
2026-08-06 16:26:41.715 [analyze-async-1] INFO  AnalyzeService - 분석 이력 등록 - historyId: 14678, serverId: pjpsap01-주파수클럽, date: 20260806
2026-08-06 16:26:41.715 [analyze-async-5] INFO  AnalyzeService - 분석 이력 등록 - historyId: 14680, serverId: pqgetap1-시세포착1, date: 20260806
2026-08-06 16:26:41.719 [analyze-async-1] INFO  AnalyzeRetryService - 분석 완료 - 서버: pjpsap01-주파수클럽, 타입: 주기, 대상일: 20260806, 총: 0건, 에러: 0건, 경고: 0건
2026-08-06 16:26:41.719 [analyze-async-4] INFO  AnalyzeRetryService - 분석 완료 - 서버: dlprem01-테스트개발, 타입: 주기, 대상일: 20260806, 총: 0건, 에러: 0건, 경고: 0건
2026-08-06 16:26:41.719 [analyze-async-3] INFO  AnalyzeRetryService - 분석 완료 - 서버: ddfep01-해외시세, 타입: 주기, 대상일: 20260806, 총: 0건, 에러: 0건, 경고: 0건
2026-08-06 16:26:41.719 [analyze-async-5] INFO  AnalyzeRetryService - 분석 완료 - 서버: pqgetap1-시세포착1, 타입: 주기, 대상일: 20260806, 총: 0건, 에러: 0건, 경고: 0건
2026-08-06 16:26:42.947 [Test worker] INFO  UserCountSpikeMockTest - [47/60] 2026-08-06T16:26:42.943678500 → HTS:1750, MTS:1770, TOTAL:3520
2026-08-06 16:27:41.712 [scheduling-1] INFO  AnalyzeScheduleParser - ==============================================================
2026-08-06 16:27:41.712 [scheduling-1] INFO  AnalyzeScheduleParser - ==============================================================
2026-08-06 16:27:41.712 [scheduling-1] INFO  AnalyzeScheduleParser - 분석 스케줄 파일 파싱 시작 - filePath: C:\Users\20200161\Desktop\PreCheck_work\Precheck_project\Precheck_SKSCh1\precheck_collect\analyze\schedule_sample\PreCheck_AnalyzeLogs_Schedule.conf, absolutePath: C:\Users\20200161\Desktop\PreCheck_work\Precheck_project\Precheck_SKSCh1\precheck_collect\analyze\schedule_sample\PreCheck_AnalyzeLogs_Schedule.conf
2026-08-06 16:27:41.713 [scheduling-1] INFO  AnalyzeScheduleParser - 분석 스케줄 파일 파싱 완료 - absolutePath: C:\Users\20200161\Desktop\PreCheck_work\Precheck_project\Precheck_SKSCh1\precheck_collect\analyze\schedule_sample\PreCheck_AnalyzeLogs_Schedule.conf, 유효 스케줄 건수: 8
2026-08-06 16:27:41.713 [scheduling-1] INFO  AnalyzeScheduleParser -   [1] serverId: dlprem01-테스트개발, sourceFilePath: null, type: 주기, day: *, start: 000501, interval: 1, end: 230501
2026-08-06 16:27:41.713 [scheduling-1] INFO  AnalyzeScheduleParser -   [2] serverId: pamoap01-자동주문, sourceFilePath: null, type: 주기, day: *, start: 000501, interval: 2, end: 230501
2026-08-06 16:27:41.713 [scheduling-1] INFO  AnalyzeScheduleParser -   [3] serverId: pqgetap1-시세포착1, sourceFilePath: null, type: 주기, day: *, start: 000501, interval: 1, end: 230501
2026-08-06 16:27:41.713 [scheduling-1] INFO  AnalyzeScheduleParser -   [4] serverId: pqgetap2-시세포착2, sourceFilePath: null, type: 주기, day: *, start: 000501, interval: 2, end: 230501
2026-08-06 16:27:41.713 [scheduling-1] INFO  AnalyzeScheduleParser -   [5] serverId: pjpsap01-주파수클럽, sourceFilePath: null, type: 주기, day: *, start: 000501, interval: 1, end: 230501
2026-08-06 16:27:41.713 [scheduling-1] INFO  AnalyzeScheduleParser -   [6] serverId: pmaster2-마스터, sourceFilePath: null, type: 주기, day: *, start: 000501, interval: 2, end: 230501
2026-08-06 16:27:41.713 [scheduling-1] INFO  AnalyzeScheduleParser -   [7] serverId: ddfep01-해외시세, sourceFilePath: null, type: 주기, day: *, start: 000501, interval: 1, end: 230501
2026-08-06 16:27:41.713 [scheduling-1] INFO  AnalyzeScheduleParser -   [8] serverId: dcoodb01-주문체결, sourceFilePath: null, type: 주기, day: 1-5, start: 000501, interval: 2, end: 230501
2026-08-06 16:27:41.714 [scheduling-1] INFO  AnalyzeScheduler - [[[주기 분석 실행 결정]]] - serverId: dlprem01-테스트개발, file: null, 간격: 1분, 983번째 실행, day: *, start: 000501, end: 230501
2026-08-06 16:27:41.714 [scheduling-1] INFO  AnalyzeScheduler - [[[주기 분석 실행 결정]]] - serverId: pamoap01-자동주문, file: null, 간격: 2분, 492번째 실행, day: *, start: 000501, end: 230501
2026-08-06 16:27:41.714 [scheduling-1] INFO  AnalyzeScheduler - [[[주기 분석 실행 결정]]] - serverId: pqgetap1-시세포착1, file: null, 간격: 1분, 983번째 실행, day: *, start: 000501, end: 230501
2026-08-06 16:27:41.714 [scheduling-1] INFO  AnalyzeScheduler - [[[주기 분석 실행 결정]]] - serverId: pqgetap2-시세포착2, file: null, 간격: 2분, 492번째 실행, day: *, start: 000501, end: 230501
2026-08-06 16:27:41.714 [scheduling-1] INFO  AnalyzeScheduler - [[[주기 분석 실행 결정]]] - serverId: pjpsap01-주파수클럽, file: null, 간격: 1분, 983번째 실행, day: *, start: 000501, end: 230501
2026-08-06 16:27:41.714 [scheduling-1] INFO  AnalyzeScheduler - [[[주기 분석 실행 결정]]] - serverId: pmaster2-마스터, file: null, 간격: 2분, 492번째 실행, day: *, start: 000501, end: 230501
2026-08-06 16:27:41.714 [scheduling-1] INFO  AnalyzeScheduler - [[[주기 분석 실행 결정]]] - serverId: ddfep01-해외시세, file: null, 간격: 1분, 983번째 실행, day: *, start: 000501, end: 230501
2026-08-06 16:27:41.714 [scheduling-1] INFO  AnalyzeScheduler - [[[주기 분석 실행 결정]]] - serverId: dcoodb01-주문체결, file: null, 간격: 2분, 492번째 실행, day: 1-5, start: 000501, end: 230501
2026-08-06 16:27:41.717 [analyze-async-4] INFO  AnalyzeService - 분석 이력 등록 - historyId: 14684, serverId: pqgetap1-시세포착1, date: 20260806
2026-08-06 16:27:41.717 [analyze-async-3] INFO  AnalyzeService - 분석 이력 등록 - historyId: 14682, serverId: pqgetap2-시세포착2, date: 20260806
2026-08-06 16:27:41.717 [analyze-async-2] INFO  AnalyzeService - 분석 이력 등록 - historyId: 14683, serverId: dlprem01-테스트개발, date: 20260806
2026-08-06 16:27:41.717 [analyze-async-5] INFO  AnalyzeService - 분석 이력 등록 - historyId: 14685, serverId: pjpsap01-주파수클럽, date: 20260806
2026-08-06 16:27:41.718 [analyze-async-1] INFO  AnalyzeService - 분석 이력 등록 - historyId: 14681, serverId: pamoap01-자동주문, date: 20260806
2026-08-06 16:27:41.721 [analyze-async-3] INFO  AnalyzeRetryService - 분석 완료 - 서버: pqgetap2-시세포착2, 타입: 주기, 대상일: 20260806, 총: 0건, 에러: 0건, 경고: 0건
2026-08-06 16:27:41.721 [analyze-async-1] INFO  AnalyzeRetryService - 분석 완료 - 서버: pamoap01-자동주문, 타입: 주기, 대상일: 20260806, 총: 0건, 에러: 0건, 경고: 0건
2026-08-06 16:27:41.721 [analyze-async-2] INFO  AnalyzeRetryService - 분석 완료 - 서버: dlprem01-테스트개발, 타입: 주기, 대상일: 20260806, 총: 0건, 에러: 0건, 경고: 0건
2026-08-06 16:27:41.721 [analyze-async-5] INFO  AnalyzeRetryService - 분석 완료 - 서버: pjpsap01-주파수클럽, 타입: 주기, 대상일: 20260806, 총: 0건, 에러: 0건, 경고: 0건
2026-08-06 16:27:41.721 [analyze-async-4] INFO  AnalyzeRetryService - 분석 완료 - 서버: pqgetap1-시세포착1, 타입: 주기, 대상일: 20260806, 총: 0건, 에러: 0건, 경고: 0건
2026-08-06 16:27:41.723 [analyze-async-1] INFO  AnalyzeService - 분석 이력 등록 - historyId: 14687, serverId: ddfep01-해외시세, date: 20260806
2026-08-06 16:27:41.723 [analyze-async-3] INFO  AnalyzeService - 분석 이력 등록 - historyId: 14686, serverId: pmaster2-마스터, date: 20260806
2026-08-06 16:27:41.723 [analyze-async-2] INFO  AnalyzeService - 분석 이력 등록 - historyId: 14688, serverId: dcoodb01-주문체결, date: 20260806
2026-08-06 16:27:41.724 [analyze-async-1] INFO  AnalyzeRetryService - 분석 완료 - 서버: ddfep01-해외시세, 타입: 주기, 대상일: 20260806, 총: 0건, 에러: 0건, 경고: 0건
2026-08-06 16:27:41.724 [analyze-async-2] INFO  AnalyzeRetryService - 분석 완료 - 서버: dcoodb01-주문체결, 타입: 주기, 대상일: 20260806, 총: 0건, 에러: 0건, 경고: 0건
2026-08-06 16:27:41.724 [analyze-async-3] INFO  AnalyzeRetryService - 분석 완료 - 서버: pmaster2-마스터, 타입: 주기, 대상일: 20260806, 총: 0건, 에러: 0건, 경고: 0건
2026-08-06 16:27:42.954 [Test worker] INFO  UserCountSpikeMockTest - [48/60] 2026-08-06T16:27:42.950598400 → HTS:1529, MTS:2022, TOTAL:3551
2026-08-06 16:28:41.715 [scheduling-1] INFO  AnalyzeScheduleParser - ==============================================================
2026-08-06 16:28:41.715 [scheduling-1] INFO  AnalyzeScheduleParser - ==============================================================
2026-08-06 16:28:41.715 [scheduling-1] INFO  AnalyzeScheduleParser - 분석 스케줄 파일 파싱 시작 - filePath: C:\Users\20200161\Desktop\PreCheck_work\Precheck_project\Precheck_SKSCh1\precheck_collect\analyze\schedule_sample\PreCheck_AnalyzeLogs_Schedule.conf, absolutePath: C:\Users\20200161\Desktop\PreCheck_work\Precheck_project\Precheck_SKSCh1\precheck_collect\analyze\schedule_sample\PreCheck_AnalyzeLogs_Schedule.conf
2026-08-06 16:28:41.716 [scheduling-1] INFO  AnalyzeScheduleParser - 분석 스케줄 파일 파싱 완료 - absolutePath: C:\Users\20200161\Desktop\PreCheck_work\Precheck_project\Precheck_SKSCh1\precheck_collect\analyze\schedule_sample\PreCheck_AnalyzeLogs_Schedule.conf, 유효 스케줄 건수: 8
2026-08-06 16:28:41.716 [scheduling-1] INFO  AnalyzeScheduleParser -   [1] serverId: dlprem01-테스트개발, sourceFilePath: null, type: 주기, day: *, start: 000501, interval: 1, end: 230501
2026-08-06 16:28:41.716 [scheduling-1] INFO  AnalyzeScheduleParser -   [2] serverId: pamoap01-자동주문, sourceFilePath: null, type: 주기, day: *, start: 000501, interval: 2, end: 230501
2026-08-06 16:28:41.716 [scheduling-1] INFO  AnalyzeScheduleParser -   [3] serverId: pqgetap1-시세포착1, sourceFilePath: null, type: 주기, day: *, start: 000501, interval: 1, end: 230501
2026-08-06 16:28:41.716 [scheduling-1] INFO  AnalyzeScheduleParser -   [4] serverId: pqgetap2-시세포착2, sourceFilePath: null, type: 주기, day: *, start: 000501, interval: 2, end: 230501
2026-08-06 16:28:41.716 [scheduling-1] INFO  AnalyzeScheduleParser -   [5] serverId: pjpsap01-주파수클럽, sourceFilePath: null, type: 주기, day: *, start: 000501, interval: 1, end: 230501
2026-08-06 16:28:41.716 [scheduling-1] INFO  AnalyzeScheduleParser -   [6] serverId: pmaster2-마스터, sourceFilePath: null, type: 주기, day: *, start: 000501, interval: 2, end: 230501
2026-08-06 16:28:41.716 [scheduling-1] INFO  AnalyzeScheduleParser -   [7] serverId: ddfep01-해외시세, sourceFilePath: null, type: 주기, day: *, start: 000501, interval: 1, end: 230501
2026-08-06 16:28:41.716 [scheduling-1] INFO  AnalyzeScheduleParser -   [8] serverId: dcoodb01-주문체결, sourceFilePath: null, type: 주기, day: 1-5, start: 000501, interval: 2, end: 230501
2026-08-06 16:28:41.716 [scheduling-1] INFO  AnalyzeScheduler - [[[주기 분석 실행 결정]]] - serverId: dlprem01-테스트개발, file: null, 간격: 1분, 984번째 실행, day: *, start: 000501, end: 230501
2026-08-06 16:28:41.716 [scheduling-1] INFO  AnalyzeScheduler - [[[주기 분석 실행 결정]]] - serverId: pqgetap1-시세포착1, file: null, 간격: 1분, 984번째 실행, day: *, start: 000501, end: 230501
2026-08-06 16:28:41.716 [scheduling-1] INFO  AnalyzeScheduler - [[[주기 분석 실행 결정]]] - serverId: pjpsap01-주파수클럽, file: null, 간격: 1분, 984번째 실행, day: *, start: 000501, end: 230501
2026-08-06 16:28:41.716 [scheduling-1] INFO  AnalyzeScheduler - [[[주기 분석 실행 결정]]] - serverId: ddfep01-해외시세, file: null, 간격: 1분, 984번째 실행, day: *, start: 000501, end: 230501
2026-08-06 16:28:41.720 [analyze-async-5] INFO  AnalyzeService - 분석 이력 등록 - historyId: 14689, serverId: dlprem01-테스트개발, date: 20260806
2026-08-06 16:28:41.720 [analyze-async-1] INFO  AnalyzeService - 분석 이력 등록 - historyId: 14691, serverId: pjpsap01-주파수클럽, date: 20260806
2026-08-06 16:28:41.720 [analyze-async-2] INFO  AnalyzeService - 분석 이력 등록 - historyId: 14692, serverId: ddfep01-해외시세, date: 20260806
2026-08-06 16:28:41.720 [analyze-async-4] INFO  AnalyzeService - 분석 이력 등록 - historyId: 14690, serverId: pqgetap1-시세포착1, date: 20260806
2026-08-06 16:28:41.722 [analyze-async-2] INFO  AnalyzeRetryService - 분석 완료 - 서버: ddfep01-해외시세, 타입: 주기, 대상일: 20260806, 총: 0건, 에러: 0건, 경고: 0건
2026-08-06 16:28:41.722 [analyze-async-4] INFO  AnalyzeRetryService - 분석 완료 - 서버: pqgetap1-시세포착1, 타입: 주기, 대상일: 20260806, 총: 0건, 에러: 0건, 경고: 0건
2026-08-06 16:28:41.722 [analyze-async-1] INFO  AnalyzeRetryService - 분석 완료 - 서버: pjpsap01-주파수클럽, 타입: 주기, 대상일: 20260806, 총: 0건, 에러: 0건, 경고: 0건
2026-08-06 16:28:41.722 [analyze-async-5] INFO  AnalyzeRetryService - 분석 완료 - 서버: dlprem01-테스트개발, 타입: 주기, 대상일: 20260806, 총: 0건, 에러: 0건, 경고: 0건
2026-08-06 16:28:42.959 [Test worker] INFO  UserCountSpikeMockTest - [49/60] 2026-08-06T16:28:42.955755200 → HTS:1308, MTS:1821, TOTAL:3129
2026-08-06 16:29:41.718 [scheduling-1] INFO  AnalyzeScheduleParser - ==============================================================
2026-08-06 16:29:41.718 [scheduling-1] INFO  AnalyzeScheduleParser - ==============================================================
2026-08-06 16:29:41.718 [scheduling-1] INFO  AnalyzeScheduleParser - 분석 스케줄 파일 파싱 시작 - filePath: C:\Users\20200161\Desktop\PreCheck_work\Precheck_project\Precheck_SKSCh1\precheck_collect\analyze\schedule_sample\PreCheck_AnalyzeLogs_Schedule.conf, absolutePath: C:\Users\20200161\Desktop\PreCheck_work\Precheck_project\Precheck_SKSCh1\precheck_collect\analyze\schedule_sample\PreCheck_AnalyzeLogs_Schedule.conf
2026-08-06 16:29:41.719 [scheduling-1] INFO  AnalyzeScheduleParser - 분석 스케줄 파일 파싱 완료 - absolutePath: C:\Users\20200161\Desktop\PreCheck_work\Precheck_project\Precheck_SKSCh1\precheck_collect\analyze\schedule_sample\PreCheck_AnalyzeLogs_Schedule.conf, 유효 스케줄 건수: 8
2026-08-06 16:29:41.720 [scheduling-1] INFO  AnalyzeScheduleParser -   [1] serverId: dlprem01-테스트개발, sourceFilePath: null, type: 주기, day: *, start: 000501, interval: 1, end: 230501
2026-08-06 16:29:41.720 [scheduling-1] INFO  AnalyzeScheduleParser -   [2] serverId: pamoap01-자동주문, sourceFilePath: null, type: 주기, day: *, start: 000501, interval: 2, end: 230501
2026-08-06 16:29:41.720 [scheduling-1] INFO  AnalyzeScheduleParser -   [3] serverId: pqgetap1-시세포착1, sourceFilePath: null, type: 주기, day: *, start: 000501, interval: 1, end: 230501
2026-08-06 16:29:41.720 [scheduling-1] INFO  AnalyzeScheduleParser -   [4] serverId: pqgetap2-시세포착2, sourceFilePath: null, type: 주기, day: *, start: 000501, interval: 2, end: 230501
2026-08-06 16:29:41.720 [scheduling-1] INFO  AnalyzeScheduleParser -   [5] serverId: pjpsap01-주파수클럽, sourceFilePath: null, type: 주기, day: *, start: 000501, interval: 1, end: 230501
2026-08-06 16:29:41.720 [scheduling-1] INFO  AnalyzeScheduleParser -   [6] serverId: pmaster2-마스터, sourceFilePath: null, type: 주기, day: *, start: 000501, interval: 2, end: 230501
2026-08-06 16:29:41.720 [scheduling-1] INFO  AnalyzeScheduleParser -   [7] serverId: ddfep01-해외시세, sourceFilePath: null, type: 주기, day: *, start: 000501, interval: 1, end: 230501
2026-08-06 16:29:41.720 [scheduling-1] INFO  AnalyzeScheduleParser -   [8] serverId: dcoodb01-주문체결, sourceFilePath: null, type: 주기, day: 1-5, start: 000501, interval: 2, end: 230501
2026-08-06 16:29:41.720 [scheduling-1] INFO  AnalyzeScheduler - [[[주기 분석 실행 결정]]] - serverId: dlprem01-테스트개발, file: null, 간격: 1분, 985번째 실행, day: *, start: 000501, end: 230501
2026-08-06 16:29:41.720 [scheduling-1] INFO  AnalyzeScheduler - [[[주기 분석 실행 결정]]] - serverId: pamoap01-자동주문, file: null, 간격: 2분, 493번째 실행, day: *, start: 000501, end: 230501
2026-08-06 16:29:41.720 [scheduling-1] INFO  AnalyzeScheduler - [[[주기 분석 실행 결정]]] - serverId: pqgetap1-시세포착1, file: null, 간격: 1분, 985번째 실행, day: *, start: 000501, end: 230501
2026-08-06 16:29:41.720 [scheduling-1] INFO  AnalyzeScheduler - [[[주기 분석 실행 결정]]] - serverId: pqgetap2-시세포착2, file: null, 간격: 2분, 493번째 실행, day: *, start: 000501, end: 230501
2026-08-06 16:29:41.720 [scheduling-1] INFO  AnalyzeScheduler - [[[주기 분석 실행 결정]]] - serverId: pjpsap01-주파수클럽, file: null, 간격: 1분, 985번째 실행, day: *, start: 000501, end: 230501
2026-08-06 16:29:41.721 [scheduling-1] INFO  AnalyzeScheduler - [[[주기 분석 실행 결정]]] - serverId: pmaster2-마스터, file: null, 간격: 2분, 493번째 실행, day: *, start: 000501, end: 230501
2026-08-06 16:29:41.721 [scheduling-1] INFO  AnalyzeScheduler - [[[주기 분석 실행 결정]]] - serverId: ddfep01-해외시세, file: null, 간격: 1분, 985번째 실행, day: *, start: 000501, end: 230501
2026-08-06 16:29:41.721 [scheduling-1] INFO  AnalyzeScheduler - [[[주기 분석 실행 결정]]] - serverId: dcoodb01-주문체결, file: null, 간격: 2분, 493번째 실행, day: 1-5, start: 000501, end: 230501
2026-08-06 16:29:41.725 [analyze-async-1] INFO  AnalyzeService - 분석 이력 등록 - historyId: 14695, serverId: pqgetap2-시세포착2, date: 20260806
2026-08-06 16:29:41.726 [analyze-async-4] INFO  AnalyzeService - 분석 이력 등록 - historyId: 14694, serverId: pqgetap1-시세포착1, date: 20260806
2026-08-06 16:29:41.726 [analyze-async-2] INFO  AnalyzeService - 분석 이력 등록 - historyId: 14696, serverId: pamoap01-자동주문, date: 20260806
2026-08-06 16:29:41.726 [analyze-async-3] INFO  AnalyzeService - 분석 이력 등록 - historyId: 14693, serverId: dlprem01-테스트개발, date: 20260806
2026-08-06 16:29:41.726 [analyze-async-5] INFO  AnalyzeService - 분석 이력 등록 - historyId: 14697, serverId: pjpsap01-주파수클럽, date: 20260806
2026-08-06 16:29:41.729 [analyze-async-1] INFO  AnalyzeRetryService - 분석 완료 - 서버: pqgetap2-시세포착2, 타입: 주기, 대상일: 20260806, 총: 0건, 에러: 0건, 경고: 0건
2026-08-06 16:29:41.730 [analyze-async-4] INFO  AnalyzeRetryService - 분석 완료 - 서버: pqgetap1-시세포착1, 타입: 주기, 대상일: 20260806, 총: 0건, 에러: 0건, 경고: 0건
2026-08-06 16:29:41.730 [analyze-async-5] INFO  AnalyzeRetryService - 분석 완료 - 서버: pjpsap01-주파수클럽, 타입: 주기, 대상일: 20260806, 총: 0건, 에러: 0건, 경고: 0건
2026-08-06 16:29:41.730 [analyze-async-2] INFO  AnalyzeRetryService - 분석 완료 - 서버: pamoap01-자동주문, 타입: 주기, 대상일: 20260806, 총: 0건, 에러: 0건, 경고: 0건
2026-08-06 16:29:41.730 [analyze-async-3] INFO  AnalyzeRetryService - 분석 완료 - 서버: dlprem01-테스트개발, 타입: 주기, 대상일: 20260806, 총: 0건, 에러: 0건, 경고: 0건
2026-08-06 16:29:41.731 [analyze-async-1] INFO  AnalyzeService - 분석 이력 등록 - historyId: 14698, serverId: pmaster2-마스터, date: 20260806
2026-08-06 16:29:41.731 [analyze-async-4] INFO  AnalyzeService - 분석 이력 등록 - historyId: 14699, serverId: ddfep01-해외시세, date: 20260806
2026-08-06 16:29:41.731 [analyze-async-5] INFO  AnalyzeService - 분석 이력 등록 - historyId: 14700, serverId: dcoodb01-주문체결, date: 20260806
2026-08-06 16:29:41.733 [analyze-async-1] INFO  AnalyzeRetryService - 분석 완료 - 서버: pmaster2-마스터, 타입: 주기, 대상일: 20260806, 총: 0건, 에러: 0건, 경고: 0건
2026-08-06 16:29:41.733 [analyze-async-5] INFO  AnalyzeRetryService - 분석 완료 - 서버: dcoodb01-주문체결, 타입: 주기, 대상일: 20260806, 총: 0건, 에러: 0건, 경고: 0건
2026-08-06 16:29:41.733 [analyze-async-4] INFO  AnalyzeRetryService - 분석 완료 - 서버: ddfep01-해외시세, 타입: 주기, 대상일: 20260806, 총: 0건, 에러: 0건, 경고: 0건
2026-08-06 16:29:42.967 [Test worker] INFO  UserCountSpikeMockTest - [50/60] 2026-08-06T16:29:42.962241200 → HTS:1121, MTS:1724, TOTAL:2845
2026-08-06 16:30:41.723 [scheduling-1] INFO  AnalyzeScheduleParser - ==============================================================
2026-08-06 16:30:41.723 [scheduling-1] INFO  AnalyzeScheduleParser - ==============================================================
2026-08-06 16:30:41.723 [scheduling-1] INFO  AnalyzeScheduleParser - 분석 스케줄 파일 파싱 시작 - filePath: C:\Users\20200161\Desktop\PreCheck_work\Precheck_project\Precheck_SKSCh1\precheck_collect\analyze\schedule_sample\PreCheck_AnalyzeLogs_Schedule.conf, absolutePath: C:\Users\20200161\Desktop\PreCheck_work\Precheck_project\Precheck_SKSCh1\precheck_collect\analyze\schedule_sample\PreCheck_AnalyzeLogs_Schedule.conf
2026-08-06 16:30:41.724 [scheduling-1] INFO  AnalyzeScheduleParser - 분석 스케줄 파일 파싱 완료 - absolutePath: C:\Users\20200161\Desktop\PreCheck_work\Precheck_project\Precheck_SKSCh1\precheck_collect\analyze\schedule_sample\PreCheck_AnalyzeLogs_Schedule.conf, 유효 스케줄 건수: 8
2026-08-06 16:30:41.724 [scheduling-1] INFO  AnalyzeScheduleParser -   [1] serverId: dlprem01-테스트개발, sourceFilePath: null, type: 주기, day: *, start: 000501, interval: 1, end: 230501
2026-08-06 16:30:41.724 [scheduling-1] INFO  AnalyzeScheduleParser -   [2] serverId: pamoap01-자동주문, sourceFilePath: null, type: 주기, day: *, start: 000501, interval: 2, end: 230501
2026-08-06 16:30:41.724 [scheduling-1] INFO  AnalyzeScheduleParser -   [3] serverId: pqgetap1-시세포착1, sourceFilePath: null, type: 주기, day: *, start: 000501, interval: 1, end: 230501
2026-08-06 16:30:41.725 [scheduling-1] INFO  AnalyzeScheduleParser -   [4] serverId: pqgetap2-시세포착2, sourceFilePath: null, type: 주기, day: *, start: 000501, interval: 2, end: 230501
2026-08-06 16:30:41.725 [scheduling-1] INFO  AnalyzeScheduleParser -   [5] serverId: pjpsap01-주파수클럽, sourceFilePath: null, type: 주기, day: *, start: 000501, interval: 1, end: 230501
2026-08-06 16:30:41.725 [scheduling-1] INFO  AnalyzeScheduleParser -   [6] serverId: pmaster2-마스터, sourceFilePath: null, type: 주기, day: *, start: 000501, interval: 2, end: 230501
2026-08-06 16:30:41.725 [scheduling-1] INFO  AnalyzeScheduleParser -   [7] serverId: ddfep01-해외시세, sourceFilePath: null, type: 주기, day: *, start: 000501, interval: 1, end: 230501
2026-08-06 16:30:41.725 [scheduling-1] INFO  AnalyzeScheduleParser -   [8] serverId: dcoodb01-주문체결, sourceFilePath: null, type: 주기, day: 1-5, start: 000501, interval: 2, end: 230501
2026-08-06 16:30:41.725 [scheduling-1] INFO  AnalyzeScheduler - [[[주기 분석 실행 결정]]] - serverId: dlprem01-테스트개발, file: null, 간격: 1분, 986번째 실행, day: *, start: 000501, end: 230501
2026-08-06 16:30:41.725 [scheduling-1] INFO  AnalyzeScheduler - [[[주기 분석 실행 결정]]] - serverId: pqgetap1-시세포착1, file: null, 간격: 1분, 986번째 실행, day: *, start: 000501, end: 230501
2026-08-06 16:30:41.725 [scheduling-1] INFO  AnalyzeScheduler - [[[주기 분석 실행 결정]]] - serverId: pjpsap01-주파수클럽, file: null, 간격: 1분, 986번째 실행, day: *, start: 000501, end: 230501
2026-08-06 16:30:41.725 [scheduling-1] INFO  AnalyzeScheduler - [[[주기 분석 실행 결정]]] - serverId: ddfep01-해외시세, file: null, 간격: 1분, 986번째 실행, day: *, start: 000501, end: 230501
2026-08-06 16:30:41.730 [analyze-async-1] INFO  AnalyzeService - 분석 이력 등록 - historyId: 14704, serverId: pjpsap01-주파수클럽, date: 20260806
2026-08-06 16:30:41.730 [analyze-async-2] INFO  AnalyzeService - 분석 이력 등록 - historyId: 14703, serverId: dlprem01-테스트개발, date: 20260806
2026-08-06 16:30:41.730 [analyze-async-3] INFO  AnalyzeService - 분석 이력 등록 - historyId: 14701, serverId: pqgetap1-시세포착1, date: 20260806
2026-08-06 16:30:41.730 [analyze-async-5] INFO  AnalyzeService - 분석 이력 등록 - historyId: 14702, serverId: ddfep01-해외시세, date: 20260806
2026-08-06 16:30:41.734 [analyze-async-5] INFO  AnalyzeRetryService - 분석 완료 - 서버: ddfep01-해외시세, 타입: 주기, 대상일: 20260806, 총: 0건, 에러: 0건, 경고: 0건
2026-08-06 16:30:41.734 [analyze-async-1] INFO  AnalyzeRetryService - 분석 완료 - 서버: pjpsap01-주파수클럽, 타입: 주기, 대상일: 20260806, 총: 0건, 에러: 0건, 경고: 0건
2026-08-06 16:30:41.734 [analyze-async-2] INFO  AnalyzeRetryService - 분석 완료 - 서버: dlprem01-테스트개발, 타입: 주기, 대상일: 20260806, 총: 0건, 에러: 0건, 경고: 0건
2026-08-06 16:30:41.734 [analyze-async-3] INFO  AnalyzeRetryService - 분석 완료 - 서버: pqgetap1-시세포착1, 타입: 주기, 대상일: 20260806, 총: 0건, 에러: 0건, 경고: 0건
2026-08-06 16:30:42.975 [Test worker] INFO  UserCountSpikeMockTest - [51/60] 2026-08-06T16:30:42.968750600 → HTS:1056, MTS:1770, TOTAL:2826
2026-08-06 16:31:41.727 [scheduling-1] INFO  AnalyzeScheduleParser - ==============================================================
2026-08-06 16:31:41.727 [scheduling-1] INFO  AnalyzeScheduleParser - ==============================================================
2026-08-06 16:31:41.727 [scheduling-1] INFO  AnalyzeScheduleParser - 분석 스케줄 파일 파싱 시작 - filePath: C:\Users\20200161\Desktop\PreCheck_work\Precheck_project\Precheck_SKSCh1\precheck_collect\analyze\schedule_sample\PreCheck_AnalyzeLogs_Schedule.conf, absolutePath: C:\Users\20200161\Desktop\PreCheck_work\Precheck_project\Precheck_SKSCh1\precheck_collect\analyze\schedule_sample\PreCheck_AnalyzeLogs_Schedule.conf
2026-08-06 16:31:41.727 [scheduling-1] INFO  AnalyzeScheduleParser - 분석 스케줄 파일 파싱 완료 - absolutePath: C:\Users\20200161\Desktop\PreCheck_work\Precheck_project\Precheck_SKSCh1\precheck_collect\analyze\schedule_sample\PreCheck_AnalyzeLogs_Schedule.conf, 유효 스케줄 건수: 8
2026-08-06 16:31:41.727 [scheduling-1] INFO  AnalyzeScheduleParser -   [1] serverId: dlprem01-테스트개발, sourceFilePath: null, type: 주기, day: *, start: 000501, interval: 1, end: 230501
2026-08-06 16:31:41.727 [scheduling-1] INFO  AnalyzeScheduleParser -   [2] serverId: pamoap01-자동주문, sourceFilePath: null, type: 주기, day: *, start: 000501, interval: 2, end: 230501
2026-08-06 16:31:41.727 [scheduling-1] INFO  AnalyzeScheduleParser -   [3] serverId: pqgetap1-시세포착1, sourceFilePath: null, type: 주기, day: *, start: 000501, interval: 1, end: 230501
2026-08-06 16:31:41.727 [scheduling-1] INFO  AnalyzeScheduleParser -   [4] serverId: pqgetap2-시세포착2, sourceFilePath: null, type: 주기, day: *, start: 000501, interval: 2, end: 230501
2026-08-06 16:31:41.727 [scheduling-1] INFO  AnalyzeScheduleParser -   [5] serverId: pjpsap01-주파수클럽, sourceFilePath: null, type: 주기, day: *, start: 000501, interval: 1, end: 230501
2026-08-06 16:31:41.727 [scheduling-1] INFO  AnalyzeScheduleParser -   [6] serverId: pmaster2-마스터, sourceFilePath: null, type: 주기, day: *, start: 000501, interval: 2, end: 230501
2026-08-06 16:31:41.727 [scheduling-1] INFO  AnalyzeScheduleParser -   [7] serverId: ddfep01-해외시세, sourceFilePath: null, type: 주기, day: *, start: 000501, interval: 1, end: 230501
2026-08-06 16:31:41.727 [scheduling-1] INFO  AnalyzeScheduleParser -   [8] serverId: dcoodb01-주문체결, sourceFilePath: null, type: 주기, day: 1-5, start: 000501, interval: 2, end: 230501
2026-08-06 16:31:41.728 [scheduling-1] INFO  AnalyzeScheduler - [[[주기 분석 실행 결정]]] - serverId: dlprem01-테스트개발, file: null, 간격: 1분, 987번째 실행, day: *, start: 000501, end: 230501
2026-08-06 16:31:41.728 [scheduling-1] INFO  AnalyzeScheduler - [[[주기 분석 실행 결정]]] - serverId: pamoap01-자동주문, file: null, 간격: 2분, 494번째 실행, day: *, start: 000501, end: 230501
2026-08-06 16:31:41.728 [scheduling-1] INFO  AnalyzeScheduler - [[[주기 분석 실행 결정]]] - serverId: pqgetap1-시세포착1, file: null, 간격: 1분, 987번째 실행, day: *, start: 000501, end: 230501
2026-08-06 16:31:41.728 [scheduling-1] INFO  AnalyzeScheduler - [[[주기 분석 실행 결정]]] - serverId: pqgetap2-시세포착2, file: null, 간격: 2분, 494번째 실행, day: *, start: 000501, end: 230501
2026-08-06 16:31:41.728 [scheduling-1] INFO  AnalyzeScheduler - [[[주기 분석 실행 결정]]] - serverId: pjpsap01-주파수클럽, file: null, 간격: 1분, 987번째 실행, day: *, start: 000501, end: 230501
2026-08-06 16:31:41.728 [scheduling-1] INFO  AnalyzeScheduler - [[[주기 분석 실행 결정]]] - serverId: pmaster2-마스터, file: null, 간격: 2분, 494번째 실행, day: *, start: 000501, end: 230501
2026-08-06 16:31:41.728 [scheduling-1] INFO  AnalyzeScheduler - [[[주기 분석 실행 결정]]] - serverId: ddfep01-해외시세, file: null, 간격: 1분, 987번째 실행, day: *, start: 000501, end: 230501
2026-08-06 16:31:41.728 [scheduling-1] INFO  AnalyzeScheduler - [[[주기 분석 실행 결정]]] - serverId: dcoodb01-주문체결, file: null, 간격: 2분, 494번째 실행, day: 1-5, start: 000501, end: 230501
2026-08-06 16:31:41.729 [analyze-async-5] INFO  AnalyzeService - 분석 이력 등록 - historyId: 14706, serverId: pamoap01-자동주문, date: 20260806
2026-08-06 16:31:41.729 [analyze-async-4] INFO  AnalyzeService - 분석 이력 등록 - historyId: 14705, serverId: dlprem01-테스트개발, date: 20260806
2026-08-06 16:31:41.729 [analyze-async-1] INFO  AnalyzeService - 분석 이력 등록 - historyId: 14707, serverId: pqgetap1-시세포착1, date: 20260806
2026-08-06 16:31:41.729 [analyze-async-2] INFO  AnalyzeService - 분석 이력 등록 - historyId: 14708, serverId: pqgetap2-시세포착2, date: 20260806
2026-08-06 16:31:41.730 [analyze-async-3] INFO  AnalyzeService - 분석 이력 등록 - historyId: 14709, serverId: pjpsap01-주파수클럽, date: 20260806
2026-08-06 16:31:41.731 [analyze-async-4] INFO  AnalyzeRetryService - 분석 완료 - 서버: dlprem01-테스트개발, 타입: 주기, 대상일: 20260806, 총: 0건, 에러: 0건, 경고: 0건
2026-08-06 16:31:41.731 [analyze-async-2] INFO  AnalyzeRetryService - 분석 완료 - 서버: pqgetap2-시세포착2, 타입: 주기, 대상일: 20260806, 총: 0건, 에러: 0건, 경고: 0건
2026-08-06 16:31:41.731 [analyze-async-1] INFO  AnalyzeRetryService - 분석 완료 - 서버: pqgetap1-시세포착1, 타입: 주기, 대상일: 20260806, 총: 0건, 에러: 0건, 경고: 0건
2026-08-06 16:31:41.731 [analyze-async-5] INFO  AnalyzeRetryService - 분석 완료 - 서버: pamoap01-자동주문, 타입: 주기, 대상일: 20260806, 총: 0건, 에러: 0건, 경고: 0건
2026-08-06 16:31:41.731 [analyze-async-4] INFO  AnalyzeService - 분석 이력 등록 - historyId: 14710, serverId: pmaster2-마스터, date: 20260806
2026-08-06 16:31:41.731 [analyze-async-1] INFO  AnalyzeService - 분석 이력 등록 - historyId: 14712, serverId: dcoodb01-주문체결, date: 20260806
2026-08-06 16:31:41.731 [analyze-async-2] INFO  AnalyzeService - 분석 이력 등록 - historyId: 14711, serverId: ddfep01-해외시세, date: 20260806
2026-08-06 16:31:41.732 [analyze-async-4] INFO  AnalyzeRetryService - 분석 완료 - 서버: pmaster2-마스터, 타입: 주기, 대상일: 20260806, 총: 0건, 에러: 0건, 경고: 0건
2026-08-06 16:31:41.732 [analyze-async-1] INFO  AnalyzeRetryService - 분석 완료 - 서버: dcoodb01-주문체결, 타입: 주기, 대상일: 20260806, 총: 0건, 에러: 0건, 경고: 0건
2026-08-06 16:31:41.732 [analyze-async-2] INFO  AnalyzeRetryService - 분석 완료 - 서버: ddfep01-해외시세, 타입: 주기, 대상일: 20260806, 총: 0건, 에러: 0건, 경고: 0건
2026-08-06 16:31:41.736 [analyze-async-3] INFO  AnalyzeRetryService - 분석 완료 - 서버: pjpsap01-주파수클럽, 타입: 주기, 대상일: 20260806, 총: 0건, 에러: 0건, 경고: 0건
2026-08-06 16:31:42.982 [Test worker] INFO  UserCountSpikeMockTest - [52/60] 2026-08-06T16:31:42.977549100 → HTS:1304, MTS:2088, TOTAL:3392
